max-path-return_agent_0,mean-path-return_agent_0,last-path-return_agent_0,max-path-return_agent_1,mean-path-return_agent_1,last-path-return_agent_1,episodes,episode_reward,total-samples
-7.3907256,-7.3907256,-7.3907256,-7.3907256,-7.3907256,-7.3907256,1,1,1
-7.3907256,-9.634584,-9.634584,-7.3907256,-9.634584,-9.634584,2,2,2
-7.3907256,-16.788057,-16.788057,-7.3907256,-16.788057,-16.788057,3,3,3
-7.3907256,-15.4713955,-15.4713955,-7.3907256,-15.4713955,-15.4713955,4,4,4
-7.3907256,-11.695474,-11.695474,-7.3907256,-11.695474,-11.695474,5,5,5
-7.3907256,-14.836886,-14.836886,-7.3907256,-14.836886,-14.836886,6,6,6
-7.3907256,-12.193096,-12.193096,-7.3907256,-12.193096,-12.193096,7,7,7
-7.3907256,-12.452336,-12.452336,-7.3907256,-12.452336,-12.452336,8,8,8
-7.3907256,-11.164731,-11.164731,-7.3907256,-11.164731,-11.164731,9,9,9
-7.3907256,-17.137348,-17.137348,-7.3907256,-17.137348,-17.137348,10,10,10
-7.3907256,-13.217436,-13.217436,-7.3907256,-13.217436,-13.217436,11,11,11
-7.3907256,-8.43865,-8.43865,-7.3907256,-8.43865,-8.43865,12,12,12
-7.3907256,-10.156965,-10.156965,-7.3907256,-10.156965,-10.156965,13,13,13
-7.3907256,-17.678404,-17.678404,-7.3907256,-17.678404,-17.678404,14,14,14
-7.3907256,-9.706898,-9.706898,-7.3907256,-9.706898,-9.706898,15,15,15
-7.3907256,-7.757424,-7.757424,-7.3907256,-7.757424,-7.757424,16,16,16
-6.0632133,-6.0632133,-6.0632133,-6.0632133,-6.0632133,-6.0632133,17,17,17
-6.0632133,-12.75749,-12.75749,-6.0632133,-12.75749,-12.75749,18,18,18
-6.0632133,-9.820689,-9.820689,-6.0632133,-9.820689,-9.820689,19,19,19
-6.0632133,-12.978725,-12.978725,-6.0632133,-12.978725,-12.978725,20,20,20
-6.0632133,-16.802536,-16.802536,-6.0632133,-16.802536,-16.802536,21,21,21
-6.0632133,-8.925799,-8.925799,-6.0632133,-8.925799,-8.925799,22,22,22
-6.0632133,-12.602691,-12.602691,-6.0632133,-12.602691,-12.602691,23,23,23
-6.0632133,-13.56486,-13.56486,-6.0632133,-13.56486,-13.56486,24,24,24
-6.0632133,-11.985714,-11.985714,-6.0632133,-11.985714,-11.985714,25,25,25
-6.0632133,-19.714062,-19.714062,-6.0632133,-19.714062,-19.714062,26,26,26
-6.0632133,-15.523547,-15.523547,-6.0632133,-15.523547,-15.523547,27,27,27
-6.0632133,-18.891378,-18.891378,-6.0632133,-18.891378,-18.891378,28,28,28
-6.0632133,-11.055234,-11.055234,-6.0632133,-11.055234,-11.055234,29,29,29
-6.0632133,-11.726167,-11.726167,-6.0632133,-11.726167,-11.726167,30,30,30
-6.0632133,-13.367711,-13.367711,-6.0632133,-13.367711,-13.367711,31,31,31
-6.0632133,-12.804777,-12.804777,-6.0632133,-12.804777,-12.804777,32,32,32
-6.0632133,-9.131933,-9.131933,-6.0632133,-9.131933,-9.131933,33,33,33
-6.0632133,-14.798612,-14.798612,-6.0632133,-14.798612,-14.798612,34,34,34
-6.0632133,-16.894619,-16.894619,-6.0632133,-16.894619,-16.894619,35,35,35
-6.0632133,-13.512918,-13.512918,-6.0632133,-13.512918,-13.512918,36,36,36
-6.0632133,-14.508824,-14.508824,-6.0632133,-14.508824,-14.508824,37,37,37
-6.0632133,-11.922581,-11.922581,-6.0632133,-11.922581,-11.922581,38,38,38
-6.0632133,-12.829863,-12.829863,-6.0632133,-12.829863,-12.829863,39,39,39
-6.0632133,-11.788593,-11.788593,-6.0632133,-11.788593,-11.788593,40,40,40
-6.0632133,-8.819805,-8.819805,-6.0632133,-8.819805,-8.819805,41,41,41
-6.0632133,-15.144227,-15.144227,-6.0632133,-15.144227,-15.144227,42,42,42
-6.0632133,-12.271668,-12.271668,-6.0632133,-12.271668,-12.271668,43,43,43
-6.0632133,-12.753754,-12.753754,-6.0632133,-12.753754,-12.753754,44,44,44
-4.7514634,-4.7514634,-4.7514634,-4.7514634,-4.7514634,-4.7514634,45,45,45
-4.7514634,-21.52086,-21.52086,-4.7514634,-21.52086,-21.52086,46,46,46
-4.7514634,-10.457122,-10.457122,-4.7514634,-10.457122,-10.457122,47,47,47
-4.7514634,-8.180363,-8.180363,-4.7514634,-8.180363,-8.180363,48,48,48
-4.7514634,-14.316773,-14.316773,-4.7514634,-14.316773,-14.316773,49,49,49
-4.7514634,-11.7474575,-11.7474575,-4.7514634,-11.7474575,-11.7474575,50,50,50
-4.7514634,-9.679764,-9.679764,-4.7514634,-9.679764,-9.679764,51,51,51
-4.7514634,-8.193716,-8.193716,-4.7514634,-8.193716,-8.193716,52,52,52
-4.7514634,-10.897622,-10.897622,-4.7514634,-10.897622,-10.897622,53,53,53
-4.7514634,-8.04484,-8.04484,-4.7514634,-8.04484,-8.04484,54,54,54
-0.3273039,-0.3273039,-0.3273039,-0.3273039,-0.3273039,-0.3273039,55,55,55
-0.3273039,-14.893976,-14.893976,-0.3273039,-14.893976,-14.893976,56,56,56
-0.3273039,-14.079177,-14.079177,-0.3273039,-14.079177,-14.079177,57,57,57
-0.3273039,-11.144262,-11.144262,-0.3273039,-11.144262,-11.144262,58,58,58
-0.3273039,-10.707239,-10.707239,-0.3273039,-10.707239,-10.707239,59,59,59
-0.3273039,-8.980346,-8.980346,-0.3273039,-8.980346,-8.980346,60,60,60
-0.3273039,-19.798658,-19.798658,-0.3273039,-19.798658,-19.798658,61,61,61
-0.3273039,-12.805045,-12.805045,-0.3273039,-12.805045,-12.805045,62,62,62
-0.3273039,-11.211337,-11.211337,-0.3273039,-11.211337,-11.211337,63,63,63
-0.3273039,-13.749155,-13.749155,-0.3273039,-13.749155,-13.749155,64,64,64
-0.3273039,-9.398703,-9.398703,-0.3273039,-9.398703,-9.398703,65,65,65
-0.3273039,-16.412106,-16.412106,-0.3273039,-16.412106,-16.412106,66,66,66
-0.3273039,-11.172639,-11.172639,-0.3273039,-11.172639,-11.172639,67,67,67
-0.3273039,-12.412191,-12.412191,-0.3273039,-12.412191,-12.412191,68,68,68
-0.3273039,-10.082355,-10.082355,-0.3273039,-10.082355,-10.082355,69,69,69
-0.3273039,-7.3324437,-7.3324437,-0.3273039,-7.3324437,-7.3324437,70,70,70
-0.3273039,-20.44988,-20.44988,-0.3273039,-20.44988,-20.44988,71,71,71
-0.3273039,-10.857676,-10.857676,-0.3273039,-10.857676,-10.857676,72,72,72
-0.3273039,-7.543692,-7.543692,-0.3273039,-7.543692,-7.543692,73,73,73
-0.3273039,-12.754946,-12.754946,-0.3273039,-12.754946,-12.754946,74,74,74
-0.3273039,-8.807075,-8.807075,-0.3273039,-8.807075,-8.807075,75,75,75
-0.3273039,-9.927957,-9.927957,-0.3273039,-9.927957,-9.927957,76,76,76
-0.3273039,-12.281217,-12.281217,-0.3273039,-12.281217,-12.281217,77,77,77
-0.3273039,-9.34549,-9.34549,-0.3273039,-9.34549,-9.34549,78,78,78
-0.3273039,-14.89181,-14.89181,-0.3273039,-14.89181,-14.89181,79,79,79
-0.3273039,-11.228143,-11.228143,-0.3273039,-11.228143,-11.228143,80,80,80
-0.3273039,-5.477636,-5.477636,-0.3273039,-5.477636,-5.477636,81,81,81
-0.3273039,-20.560783,-20.560783,-0.3273039,-20.560783,-20.560783,82,82,82
-0.3273039,-18.178797,-18.178797,-0.3273039,-18.178797,-18.178797,83,83,83
-0.3273039,-20.075048,-20.075048,-0.3273039,-20.075048,-20.075048,84,84,84
-0.3273039,-7.098227,-7.098227,-0.3273039,-7.098227,-7.098227,85,85,85
-0.3273039,-11.039453,-11.039453,-0.3273039,-11.039453,-11.039453,86,86,86
-0.3273039,-16.310625,-16.310625,-0.3273039,-16.310625,-16.310625,87,87,87
-0.3273039,-19.779163,-19.779163,-0.3273039,-19.779163,-19.779163,88,88,88
-0.3273039,-14.292094,-14.292094,-0.3273039,-14.292094,-14.292094,89,89,89
-0.3273039,-15.489812,-15.489812,-0.3273039,-15.489812,-15.489812,90,90,90
-0.3273039,-9.556488,-9.556488,-0.3273039,-9.556488,-9.556488,91,91,91
-0.3273039,-13.064437,-13.064437,-0.3273039,-13.064437,-13.064437,92,92,92
-0.3273039,-10.927195,-10.927195,-0.3273039,-10.927195,-10.927195,93,93,93
-0.3273039,-10.513364,-10.513364,-0.3273039,-10.513364,-10.513364,94,94,94
-0.3273039,-22.763565,-22.763565,-0.3273039,-22.763565,-22.763565,95,95,95
-0.3273039,-9.1131315,-9.1131315,-0.3273039,-9.1131315,-9.1131315,96,96,96
-0.3273039,-7.4332266,-7.4332266,-0.3273039,-7.4332266,-7.4332266,97,97,97
-0.3273039,-13.099068,-13.099068,-0.3273039,-13.099068,-13.099068,98,98,98
-0.3273039,-8.064714,-8.064714,-0.3273039,-8.064714,-8.064714,99,99,99
-0.3273039,-13.377237,-13.377237,-0.3273039,-13.377237,-13.377237,100,100,100
-0.3273039,-7.285787,-7.285787,-0.3273039,-7.285787,-7.285787,101,101,101
-0.3273039,-12.648703,-12.648703,-0.3273039,-12.648703,-12.648703,102,102,102
-0.3273039,-23.27185,-23.27185,-0.3273039,-23.27185,-23.27185,103,103,103
-0.3273039,-17.40299,-17.40299,-0.3273039,-17.40299,-17.40299,104,104,104
-0.3273039,-8.611989,-8.611989,-0.3273039,-8.611989,-8.611989,105,105,105
-0.3273039,-11.665219,-11.665219,-0.3273039,-11.665219,-11.665219,106,106,106
-0.3273039,-21.140942,-21.140942,-0.3273039,-21.140942,-21.140942,107,107,107
-0.3273039,-16.4721,-16.4721,-0.3273039,-16.4721,-16.4721,108,108,108
-0.3273039,-8.86372,-8.86372,-0.3273039,-8.86372,-8.86372,109,109,109
-0.3273039,-9.222409,-9.222409,-0.3273039,-9.222409,-9.222409,110,110,110
-0.3273039,-9.30084,-9.30084,-0.3273039,-9.30084,-9.30084,111,111,111
-0.3273039,-11.054751,-11.054751,-0.3273039,-11.054751,-11.054751,112,112,112
-0.3273039,-15.164725,-15.164725,-0.3273039,-15.164725,-15.164725,113,113,113
-0.3273039,-12.534007,-12.534007,-0.3273039,-12.534007,-12.534007,114,114,114
-0.3273039,-12.032202,-12.032202,-0.3273039,-12.032202,-12.032202,115,115,115
-0.3273039,-8.027976,-8.027976,-0.3273039,-8.027976,-8.027976,116,116,116
-0.3273039,-7.44963,-7.44963,-0.3273039,-7.44963,-7.44963,117,117,117
-0.3273039,-11.155675,-11.155675,-0.3273039,-11.155675,-11.155675,118,118,118
-0.3273039,-3.8716993,-3.8716993,-0.3273039,-3.8716993,-3.8716993,119,119,119
-0.3273039,-8.312309,-8.312309,-0.3273039,-8.312309,-8.312309,120,120,120
-0.3273039,-7.3253007,-7.3253007,-0.3273039,-7.3253007,-7.3253007,121,121,121
-0.3273039,-7.4947586,-7.4947586,-0.3273039,-7.4947586,-7.4947586,122,122,122
-0.3273039,-13.977778,-13.977778,-0.3273039,-13.977778,-13.977778,123,123,123
-0.3273039,-15.066828,-15.066828,-0.3273039,-15.066828,-15.066828,124,124,124
-0.3273039,-8.0868225,-8.0868225,-0.3273039,-8.0868225,-8.0868225,125,125,125
-0.3273039,-9.857377,-9.857377,-0.3273039,-9.857377,-9.857377,126,126,126
-0.3273039,-16.699715,-16.699715,-0.3273039,-16.699715,-16.699715,127,127,127
-0.3273039,-8.550553,-8.550553,-0.3273039,-8.550553,-8.550553,128,128,128
-0.3273039,-22.39862,-22.39862,-0.3273039,-22.39862,-22.39862,129,129,129
-0.3273039,-19.918053,-19.918053,-0.3273039,-19.918053,-19.918053,130,130,130
-0.3273039,-13.465679,-13.465679,-0.3273039,-13.465679,-13.465679,131,131,131
-0.3273039,-12.301605,-12.301605,-0.3273039,-12.301605,-12.301605,132,132,132
-0.3273039,-14.990204,-14.990204,-0.3273039,-14.990204,-14.990204,133,133,133
-0.3273039,-6.829922,-6.829922,-0.3273039,-6.829922,-6.829922,134,134,134
-0.3273039,-10.277018,-10.277018,-0.3273039,-10.277018,-10.277018,135,135,135
-0.3273039,-11.967497,-11.967497,-0.3273039,-11.967497,-11.967497,136,136,136
-0.3273039,-11.164204,-11.164204,-0.3273039,-11.164204,-11.164204,137,137,137
-0.3273039,-6.6752906,-6.6752906,-0.3273039,-6.6752906,-6.6752906,138,138,138
-0.3273039,-14.313587,-14.313587,-0.3273039,-14.313587,-14.313587,139,139,139
-0.3273039,-6.379301,-6.379301,-0.3273039,-6.379301,-6.379301,140,140,140
-0.3273039,-8.48663,-8.48663,-0.3273039,-8.48663,-8.48663,141,141,141
-0.3273039,-8.3467045,-8.3467045,-0.3273039,-8.3467045,-8.3467045,142,142,142
-0.3273039,-10.424755,-10.424755,-0.3273039,-10.424755,-10.424755,143,143,143
-0.3273039,-14.562323,-14.562323,-0.3273039,-14.562323,-14.562323,144,144,144
-0.3273039,-10.823883,-10.823883,-0.3273039,-10.823883,-10.823883,145,145,145
-0.3273039,-9.373908,-9.373908,-0.3273039,-9.373908,-9.373908,146,146,146
-0.3273039,-6.608379,-6.608379,-0.3273039,-6.608379,-6.608379,147,147,147
-0.3273039,-12.597533,-12.597533,-0.3273039,-12.597533,-12.597533,148,148,148
-0.3273039,-12.947263,-12.947263,-0.3273039,-12.947263,-12.947263,149,149,149
-0.3273039,-8.7125,-8.7125,-0.3273039,-8.7125,-8.7125,150,150,150
-0.3273039,-10.602494,-10.602494,-0.3273039,-10.602494,-10.602494,151,151,151
-0.3273039,-4.067662,-4.067662,-0.3273039,-4.067662,-4.067662,152,152,152
-0.3273039,-9.110413,-9.110413,-0.3273039,-9.110413,-9.110413,153,153,153
-0.3273039,-11.840985,-11.840985,-0.3273039,-11.840985,-11.840985,154,154,154
-0.3273039,-13.458354,-13.458354,-0.3273039,-13.458354,-13.458354,155,155,155
-0.3273039,-11.06879,-11.06879,-0.3273039,-11.06879,-11.06879,156,156,156
-0.3273039,-16.296324,-16.296324,-0.3273039,-16.296324,-16.296324,157,157,157
-0.3273039,-10.40983,-10.40983,-0.3273039,-10.40983,-10.40983,158,158,158
-0.3273039,-16.583391,-16.583391,-0.3273039,-16.583391,-16.583391,159,159,159
-0.3273039,-10.235077,-10.235077,-0.3273039,-10.235077,-10.235077,160,160,160
-0.3273039,-9.196055,-9.196055,-0.3273039,-9.196055,-9.196055,161,161,161
-0.3273039,-9.620597,-9.620597,-0.3273039,-9.620597,-9.620597,162,162,162
-0.3273039,-21.820717,-21.820717,-0.3273039,-21.820717,-21.820717,163,163,163
-0.3273039,-10.472273,-10.472273,-0.3273039,-10.472273,-10.472273,164,164,164
-0.3273039,-9.130553,-9.130553,-0.3273039,-9.130553,-9.130553,165,165,165
-0.3273039,-9.876094,-9.876094,-0.3273039,-9.876094,-9.876094,166,166,166
-0.3273039,-18.706404,-18.706404,-0.3273039,-18.706404,-18.706404,167,167,167
-0.3273039,-14.414788,-14.414788,-0.3273039,-14.414788,-14.414788,168,168,168
-0.3273039,-14.351977,-14.351977,-0.3273039,-14.351977,-14.351977,169,169,169
-0.3273039,-20.392056,-20.392056,-0.3273039,-20.392056,-20.392056,170,170,170
-0.3273039,-11.107532,-11.107532,-0.3273039,-11.107532,-11.107532,171,171,171
-0.3273039,-12.536992,-12.536992,-0.3273039,-12.536992,-12.536992,172,172,172
-0.3273039,-7.2379045,-7.2379045,-0.3273039,-7.2379045,-7.2379045,173,173,173
-0.3273039,-12.604339,-12.604339,-0.3273039,-12.604339,-12.604339,174,174,174
-0.3273039,-8.603473,-8.603473,-0.3273039,-8.603473,-8.603473,175,175,175
-0.3273039,-12.838491,-12.838491,-0.3273039,-12.838491,-12.838491,176,176,176
-0.3273039,-8.840556,-8.840556,-0.3273039,-8.840556,-8.840556,177,177,177
-0.3273039,-13.157129,-13.157129,-0.3273039,-13.157129,-13.157129,178,178,178
-0.3273039,-8.284083,-8.284083,-0.3273039,-8.284083,-8.284083,179,179,179
-0.3273039,-15.146655,-15.146655,-0.3273039,-15.146655,-15.146655,180,180,180
-0.3273039,-8.86572,-8.86572,-0.3273039,-8.86572,-8.86572,181,181,181
-0.3273039,-14.2493925,-14.2493925,-0.3273039,-14.2493925,-14.2493925,182,182,182
-0.3273039,-12.238927,-12.238927,-0.3273039,-12.238927,-12.238927,183,183,183
-0.3273039,-14.262325,-14.262325,-0.3273039,-14.262325,-14.262325,184,184,184
-0.3273039,-7.3894205,-7.3894205,-0.3273039,-7.3894205,-7.3894205,185,185,185
-0.3273039,-7.984911,-7.984911,-0.3273039,-7.984911,-7.984911,186,186,186
-0.3273039,-8.580088,-8.580088,-0.3273039,-8.580088,-8.580088,187,187,187
-0.3273039,-12.117096,-12.117096,-0.3273039,-12.117096,-12.117096,188,188,188
-0.3273039,-11.659426,-11.659426,-0.3273039,-11.659426,-11.659426,189,189,189
-0.3273039,-14.907462,-14.907462,-0.3273039,-14.907462,-14.907462,190,190,190
-0.3273039,-8.036833,-8.036833,-0.3273039,-8.036833,-8.036833,191,191,191
-0.3273039,-11.254771,-11.254771,-0.3273039,-11.254771,-11.254771,192,192,192
-0.3273039,-19.989563,-19.989563,-0.3273039,-19.989563,-19.989563,193,193,193
-0.3273039,-11.924078,-11.924078,-0.3273039,-11.924078,-11.924078,194,194,194
-0.3273039,-15.884605,-15.884605,-0.3273039,-15.884605,-15.884605,195,195,195
-0.3273039,-12.464755,-12.464755,-0.3273039,-12.464755,-12.464755,196,196,196
-0.3273039,-14.426385,-14.426385,-0.3273039,-14.426385,-14.426385,197,197,197
-0.3273039,-11.235641,-11.235641,-0.3273039,-11.235641,-11.235641,198,198,198
-0.3273039,-20.79839,-20.79839,-0.3273039,-20.79839,-20.79839,199,199,199
-0.3273039,-10.141527,-10.141527,-0.3273039,-10.141527,-10.141527,200,200,200
-0.3273039,-3.3594515,-3.3594515,-0.3273039,-3.3594515,-3.3594515,201,201,201
-0.3273039,-8.770473,-8.770473,-0.3273039,-8.770473,-8.770473,202,202,202
-0.3273039,-8.340453,-8.340453,-0.3273039,-8.340453,-8.340453,203,203,203
-0.3273039,-10.68852,-10.68852,-0.3273039,-10.68852,-10.68852,204,204,204
-0.3273039,-10.724133,-10.724133,-0.3273039,-10.724133,-10.724133,205,205,205
-0.3273039,-13.443967,-13.443967,-0.3273039,-13.443967,-13.443967,206,206,206
-0.3273039,-10.335084,-10.335084,-0.3273039,-10.335084,-10.335084,207,207,207
-0.3273039,-10.242059,-10.242059,-0.3273039,-10.242059,-10.242059,208,208,208
-0.3273039,-13.997207,-13.997207,-0.3273039,-13.997207,-13.997207,209,209,209
-0.3273039,-9.635443,-9.635443,-0.3273039,-9.635443,-9.635443,210,210,210
-0.3273039,-12.3902,-12.3902,-0.3273039,-12.3902,-12.3902,211,211,211
-0.3273039,-9.761967,-9.761967,-0.3273039,-9.761967,-9.761967,212,212,212
-0.3273039,-9.553391,-9.553391,-0.3273039,-9.553391,-9.553391,213,213,213
-0.3273039,-12.783382,-12.783382,-0.3273039,-12.783382,-12.783382,214,214,214
-0.3273039,-9.54115,-9.54115,-0.3273039,-9.54115,-9.54115,215,215,215
-0.3273039,-15.553046,-15.553046,-0.3273039,-15.553046,-15.553046,216,216,216
-0.3273039,-9.244668,-9.244668,-0.3273039,-9.244668,-9.244668,217,217,217
-0.3273039,-5.031448,-5.031448,-0.3273039,-5.031448,-5.031448,218,218,218
-0.3273039,-11.138087,-11.138087,-0.3273039,-11.138087,-11.138087,219,219,219
-0.3273039,-15.896476,-15.896476,-0.3273039,-15.896476,-15.896476,220,220,220
-0.3273039,-9.401594,-9.401594,-0.3273039,-9.401594,-9.401594,221,221,221
-0.3273039,-19.933989,-19.933989,-0.3273039,-19.933989,-19.933989,222,222,222
-0.3273039,-13.619057,-13.619057,-0.3273039,-13.619057,-13.619057,223,223,223
-0.3273039,-9.599129,-9.599129,-0.3273039,-9.599129,-9.599129,224,224,224
-0.3273039,-15.448999,-15.448999,-0.3273039,-15.448999,-15.448999,225,225,225
-0.3273039,-9.869047,-9.869047,-0.3273039,-9.869047,-9.869047,226,226,226
-0.3273039,-16.2937,-16.2937,-0.3273039,-16.2937,-16.2937,227,227,227
-0.3273039,-4.799421,-4.799421,-0.3273039,-4.799421,-4.799421,228,228,228
-0.3273039,-5.8085966,-5.8085966,-0.3273039,-5.8085966,-5.8085966,229,229,229
-0.3273039,-12.601729,-12.601729,-0.3273039,-12.601729,-12.601729,230,230,230
-0.3273039,-10.136624,-10.136624,-0.3273039,-10.136624,-10.136624,231,231,231
-0.3273039,-6.5072513,-6.5072513,-0.3273039,-6.5072513,-6.5072513,232,232,232
-0.3273039,-14.746905,-14.746905,-0.3273039,-14.746905,-14.746905,233,233,233
-0.3273039,-3.6397161,-3.6397161,-0.3273039,-3.6397161,-3.6397161,234,234,234
-0.3273039,-2.6268425,-2.6268425,-0.3273039,-2.6268425,-2.6268425,235,235,235
-0.3273039,-12.492281,-12.492281,-0.3273039,-12.492281,-12.492281,236,236,236
-0.3273039,-8.573044,-8.573044,-0.3273039,-8.573044,-8.573044,237,237,237
-0.3273039,-17.827751,-17.827751,-0.3273039,-17.827751,-17.827751,238,238,238
-0.3273039,-5.326432,-5.326432,-0.3273039,-5.326432,-5.326432,239,239,239
-0.3273039,-6.6359925,-6.6359925,-0.3273039,-6.6359925,-6.6359925,240,240,240
-0.3273039,-10.830903,-10.830903,-0.3273039,-10.830903,-10.830903,241,241,241
-0.3273039,-10.2301445,-10.2301445,-0.3273039,-10.2301445,-10.2301445,242,242,242
-0.3273039,-10.25801,-10.25801,-0.3273039,-10.25801,-10.25801,243,243,243
-0.3273039,-10.824138,-10.824138,-0.3273039,-10.824138,-10.824138,244,244,244
-0.3273039,-3.4724004,-3.4724004,-0.3273039,-3.4724004,-3.4724004,245,245,245
-0.3273039,-10.277465,-10.277465,-0.3273039,-10.277465,-10.277465,246,246,246
-0.3273039,-12.718446,-12.718446,-0.3273039,-12.718446,-12.718446,247,247,247
-0.3273039,-11.456575,-11.456575,-0.3273039,-11.456575,-11.456575,248,248,248
-0.3273039,-9.808844,-9.808844,-0.3273039,-9.808844,-9.808844,249,249,249
-0.3273039,-20.784054,-20.784054,-0.3273039,-20.784054,-20.784054,250,250,250
-0.3273039,-19.332817,-19.332817,-0.3273039,-19.332817,-19.332817,251,251,251
-0.3273039,-13.203447,-13.203447,-0.3273039,-13.203447,-13.203447,252,252,252
-0.3273039,-16.27376,-16.27376,-0.3273039,-16.27376,-16.27376,253,253,253
-0.3273039,-11.596559,-11.596559,-0.3273039,-11.596559,-11.596559,254,254,254
-0.3273039,-12.114276,-12.114276,-0.3273039,-12.114276,-12.114276,255,255,255
-0.3273039,-14.021232,-14.021232,-0.3273039,-14.021232,-14.021232,256,256,256
-0.3273039,-13.042251,-13.042251,-0.3273039,-13.042251,-13.042251,257,257,257
-0.3273039,-12.944875,-12.944875,-0.3273039,-12.944875,-12.944875,258,258,258
-0.3273039,-9.371107,-9.371107,-0.3273039,-9.371107,-9.371107,259,259,259
-0.3273039,-8.51462,-8.51462,-0.3273039,-8.51462,-8.51462,260,260,260
-0.3273039,-6.804262,-6.804262,-0.3273039,-6.804262,-6.804262,261,261,261
-0.3273039,-11.757773,-11.757773,-0.3273039,-11.757773,-11.757773,262,262,262
-0.3273039,-13.052604,-13.052604,-0.3273039,-13.052604,-13.052604,263,263,263
-0.3273039,-9.311536,-9.311536,-0.3273039,-9.311536,-9.311536,264,264,264
-0.3273039,-13.625152,-13.625152,-0.3273039,-13.625152,-13.625152,265,265,265
-0.3273039,-12.18553,-12.18553,-0.3273039,-12.18553,-12.18553,266,266,266
-0.3273039,-15.582032,-15.582032,-0.3273039,-15.582032,-15.582032,267,267,267
-0.3273039,-13.03798,-13.03798,-0.3273039,-13.03798,-13.03798,268,268,268
-0.3273039,-13.022852,-13.022852,-0.3273039,-13.022852,-13.022852,269,269,269
-0.3273039,-11.190674,-11.190674,-0.3273039,-11.190674,-11.190674,270,270,270
-0.3273039,-11.93006,-11.93006,-0.3273039,-11.93006,-11.93006,271,271,271
-0.3273039,-3.0577366,-3.0577366,-0.3273039,-3.0577366,-3.0577366,272,272,272
-0.3273039,-12.475825,-12.475825,-0.3273039,-12.475825,-12.475825,273,273,273
-0.3273039,-5.5843005,-5.5843005,-0.3273039,-5.5843005,-5.5843005,274,274,274
-0.3273039,-16.297117,-16.297117,-0.3273039,-16.297117,-16.297117,275,275,275
-0.3273039,-10.933155,-10.933155,-0.3273039,-10.933155,-10.933155,276,276,276
-0.3273039,-13.932675,-13.932675,-0.3273039,-13.932675,-13.932675,277,277,277
-0.3273039,-11.588925,-11.588925,-0.3273039,-11.588925,-11.588925,278,278,278
-0.3273039,-13.82581,-13.82581,-0.3273039,-13.82581,-13.82581,279,279,279
-0.3273039,-17.298658,-17.298658,-0.3273039,-17.298658,-17.298658,280,280,280
-0.3273039,-9.370991,-9.370991,-0.3273039,-9.370991,-9.370991,281,281,281
-0.3273039,-17.466307,-17.466307,-0.3273039,-17.466307,-17.466307,282,282,282
-0.3273039,-9.270546,-9.270546,-0.3273039,-9.270546,-9.270546,283,283,283
-0.3273039,-6.6510305,-6.6510305,-0.3273039,-6.6510305,-6.6510305,284,284,284
-0.3273039,-18.799494,-18.799494,-0.3273039,-18.799494,-18.799494,285,285,285
-0.3273039,-20.021463,-20.021463,-0.3273039,-20.021463,-20.021463,286,286,286
-0.3273039,-14.394878,-14.394878,-0.3273039,-14.394878,-14.394878,287,287,287
-0.3273039,-8.473475,-8.473475,-0.3273039,-8.473475,-8.473475,288,288,288
-0.3273039,-18.340158,-18.340158,-0.3273039,-18.340158,-18.340158,289,289,289
-0.3273039,-15.402149,-15.402149,-0.3273039,-15.402149,-15.402149,290,290,290
-0.3273039,-17.557487,-17.557487,-0.3273039,-17.557487,-17.557487,291,291,291
-0.3273039,-19.036665,-19.036665,-0.3273039,-19.036665,-19.036665,292,292,292
-0.3273039,-1.5329236,-1.5329236,-0.3273039,-1.5329236,-1.5329236,293,293,293
-0.3273039,-11.444421,-11.444421,-0.3273039,-11.444421,-11.444421,294,294,294
-0.3273039,-11.0424595,-11.0424595,-0.3273039,-11.0424595,-11.0424595,295,295,295
-0.3273039,-7.3466134,-7.3466134,-0.3273039,-7.3466134,-7.3466134,296,296,296
-0.3273039,-4.523328,-4.523328,-0.3273039,-4.523328,-4.523328,297,297,297
-0.3273039,-13.038776,-13.038776,-0.3273039,-13.038776,-13.038776,298,298,298
-0.3273039,-9.420922,-9.420922,-0.3273039,-9.420922,-9.420922,299,299,299
-0.3273039,-8.972936,-8.972936,-0.3273039,-8.972936,-8.972936,300,300,300
-0.3273039,-14.557806,-14.557806,-0.3273039,-14.557806,-14.557806,301,301,301
-0.3273039,-20.599152,-20.599152,-0.3273039,-20.599152,-20.599152,302,302,302
-0.3273039,-11.640167,-11.640167,-0.3273039,-11.640167,-11.640167,303,303,303
-0.3273039,-5.4442058,-5.4442058,-0.3273039,-5.4442058,-5.4442058,304,304,304
-0.3273039,-11.776564,-11.776564,-0.3273039,-11.776564,-11.776564,305,305,305
-0.3273039,-12.268023,-12.268023,-0.3273039,-12.268023,-12.268023,306,306,306
-0.3273039,-14.724174,-14.724174,-0.3273039,-14.724174,-14.724174,307,307,307
-0.3273039,-13.874881,-13.874881,-0.3273039,-13.874881,-13.874881,308,308,308
-0.3273039,-20.841173,-20.841173,-0.3273039,-20.841173,-20.841173,309,309,309
-0.3273039,-9.245831,-9.245831,-0.3273039,-9.245831,-9.245831,310,310,310
-0.3273039,-9.565063,-9.565063,-0.3273039,-9.565063,-9.565063,311,311,311
-0.3273039,-21.87746,-21.87746,-0.3273039,-21.87746,-21.87746,312,312,312
-0.3273039,-13.368055,-13.368055,-0.3273039,-13.368055,-13.368055,313,313,313
-0.3273039,-13.421057,-13.421057,-0.3273039,-13.421057,-13.421057,314,314,314
-0.3273039,-12.705105,-12.705105,-0.3273039,-12.705105,-12.705105,315,315,315
-0.3273039,-5.0336075,-5.0336075,-0.3273039,-5.0336075,-5.0336075,316,316,316
-0.3273039,-20.059595,-20.059595,-0.3273039,-20.059595,-20.059595,317,317,317
-0.3273039,-5.7028966,-5.7028966,-0.3273039,-5.7028966,-5.7028966,318,318,318
-0.3273039,-7.757686,-7.757686,-0.3273039,-7.757686,-7.757686,319,319,319
-0.3273039,-8.496591,-8.496591,-0.3273039,-8.496591,-8.496591,320,320,320
-0.3273039,-9.761024,-9.761024,-0.3273039,-9.761024,-9.761024,321,321,321
-0.3273039,-14.53888,-14.53888,-0.3273039,-14.53888,-14.53888,322,322,322
-0.3273039,-15.146261,-15.146261,-0.3273039,-15.146261,-15.146261,323,323,323
-0.3273039,-10.235412,-10.235412,-0.3273039,-10.235412,-10.235412,324,324,324
-0.3273039,-17.73178,-17.73178,-0.3273039,-17.73178,-17.73178,325,325,325
-0.3273039,-15.549608,-15.549608,-0.3273039,-15.549608,-15.549608,326,326,326
-0.3273039,-14.758166,-14.758166,-0.3273039,-14.758166,-14.758166,327,327,327
-0.3273039,-10.669717,-10.669717,-0.3273039,-10.669717,-10.669717,328,328,328
-0.3273039,-9.5596695,-9.5596695,-0.3273039,-9.5596695,-9.5596695,329,329,329
-0.3273039,-14.68228,-14.68228,-0.3273039,-14.68228,-14.68228,330,330,330
-0.3273039,-12.205143,-12.205143,-0.3273039,-12.205143,-12.205143,331,331,331
-0.3273039,-10.752811,-10.752811,-0.3273039,-10.752811,-10.752811,332,332,332
-0.3273039,-15.545042,-15.545042,-0.3273039,-15.545042,-15.545042,333,333,333
-0.3273039,-9.131233,-9.131233,-0.3273039,-9.131233,-9.131233,334,334,334
-0.3273039,-8.788503,-8.788503,-0.3273039,-8.788503,-8.788503,335,335,335
-0.3273039,-12.196741,-12.196741,-0.3273039,-12.196741,-12.196741,336,336,336
-0.3273039,-8.996962,-8.996962,-0.3273039,-8.996962,-8.996962,337,337,337
-0.3273039,-7.9346504,-7.9346504,-0.3273039,-7.9346504,-7.9346504,338,338,338
-0.3273039,-11.48859,-11.48859,-0.3273039,-11.48859,-11.48859,339,339,339
-0.3273039,-10.993529,-10.993529,-0.3273039,-10.993529,-10.993529,340,340,340
-0.3273039,-11.363406,-11.363406,-0.3273039,-11.363406,-11.363406,341,341,341
-0.3273039,-14.225553,-14.225553,-0.3273039,-14.225553,-14.225553,342,342,342
-0.3273039,-13.134194,-13.134194,-0.3273039,-13.134194,-13.134194,343,343,343
-0.3273039,-12.736391,-12.736391,-0.3273039,-12.736391,-12.736391,344,344,344
-0.3273039,-10.337956,-10.337956,-0.3273039,-10.337956,-10.337956,345,345,345
-0.3273039,-9.665391,-9.665391,-0.3273039,-9.665391,-9.665391,346,346,346
-0.3273039,-5.271447,-5.271447,-0.3273039,-5.271447,-5.271447,347,347,347
-0.3273039,-12.638856,-12.638856,-0.3273039,-12.638856,-12.638856,348,348,348
-0.3273039,-9.76406,-9.76406,-0.3273039,-9.76406,-9.76406,349,349,349
-0.3273039,-8.614044,-8.614044,-0.3273039,-8.614044,-8.614044,350,350,350
-0.3273039,-7.719056,-7.719056,-0.3273039,-7.719056,-7.719056,351,351,351
-0.3273039,-4.2410564,-4.2410564,-0.3273039,-4.2410564,-4.2410564,352,352,352
-0.3273039,-18.270966,-18.270966,-0.3273039,-18.270966,-18.270966,353,353,353
-0.3273039,-21.049843,-21.049843,-0.3273039,-21.049843,-21.049843,354,354,354
-0.3273039,-6.0974207,-6.0974207,-0.3273039,-6.0974207,-6.0974207,355,355,355
-0.3273039,-10.206056,-10.206056,-0.3273039,-10.206056,-10.206056,356,356,356
-0.3273039,-9.941706,-9.941706,-0.3273039,-9.941706,-9.941706,357,357,357
-0.3273039,-7.9612327,-7.9612327,-0.3273039,-7.9612327,-7.9612327,358,358,358
-0.3273039,-10.168297,-10.168297,-0.3273039,-10.168297,-10.168297,359,359,359
-0.3273039,-10.489326,-10.489326,-0.3273039,-10.489326,-10.489326,360,360,360
-0.3273039,-11.673491,-11.673491,-0.3273039,-11.673491,-11.673491,361,361,361
-0.3273039,-17.307266,-17.307266,-0.3273039,-17.307266,-17.307266,362,362,362
-0.3273039,-10.115626,-10.115626,-0.3273039,-10.115626,-10.115626,363,363,363
-0.3273039,-14.920673,-14.920673,-0.3273039,-14.920673,-14.920673,364,364,364
-0.3273039,-12.206181,-12.206181,-0.3273039,-12.206181,-12.206181,365,365,365
-0.3273039,-6.8626533,-6.8626533,-0.3273039,-6.8626533,-6.8626533,366,366,366
-0.3273039,-10.577226,-10.577226,-0.3273039,-10.577226,-10.577226,367,367,367
-0.3273039,-20.812534,-20.812534,-0.3273039,-20.812534,-20.812534,368,368,368
-0.3273039,-17.901907,-17.901907,-0.3273039,-17.901907,-17.901907,369,369,369
-0.3273039,-9.034698,-9.034698,-0.3273039,-9.034698,-9.034698,370,370,370
-0.3273039,-10.177648,-10.177648,-0.3273039,-10.177648,-10.177648,371,371,371
-0.3273039,-11.164414,-11.164414,-0.3273039,-11.164414,-11.164414,372,372,372
-0.3273039,-16.977476,-16.977476,-0.3273039,-16.977476,-16.977476,373,373,373
-0.3273039,-14.307201,-14.307201,-0.3273039,-14.307201,-14.307201,374,374,374
-0.3273039,-10.653667,-10.653667,-0.3273039,-10.653667,-10.653667,375,375,375
-0.3273039,-10.479341,-10.479341,-0.3273039,-10.479341,-10.479341,376,376,376
-0.3273039,-9.722346,-9.722346,-0.3273039,-9.722346,-9.722346,377,377,377
-0.3273039,-11.58762,-11.58762,-0.3273039,-11.58762,-11.58762,378,378,378
-0.3273039,-11.942404,-11.942404,-0.3273039,-11.942404,-11.942404,379,379,379
-0.3273039,-18.678963,-18.678963,-0.3273039,-18.678963,-18.678963,380,380,380
-0.3273039,-11.017289,-11.017289,-0.3273039,-11.017289,-11.017289,381,381,381
-0.3273039,-10.79818,-10.79818,-0.3273039,-10.79818,-10.79818,382,382,382
-0.3273039,-6.489968,-6.489968,-0.3273039,-6.489968,-6.489968,383,383,383
-0.3273039,-11.928889,-11.928889,-0.3273039,-11.928889,-11.928889,384,384,384
-0.3273039,-15.537209,-15.537209,-0.3273039,-15.537209,-15.537209,385,385,385
-0.3273039,-18.41487,-18.41487,-0.3273039,-18.41487,-18.41487,386,386,386
-0.3273039,-7.165906,-7.165906,-0.3273039,-7.165906,-7.165906,387,387,387
-0.3273039,-4.498141,-4.498141,-0.3273039,-4.498141,-4.498141,388,388,388
-0.3273039,-21.129427,-21.129427,-0.3273039,-21.129427,-21.129427,389,389,389
-0.3273039,-14.638502,-14.638502,-0.3273039,-14.638502,-14.638502,390,390,390
-0.3273039,-9.153583,-9.153583,-0.3273039,-9.153583,-9.153583,391,391,391
-0.3273039,-5.989563,-5.989563,-0.3273039,-5.989563,-5.989563,392,392,392
-0.3273039,-14.448919,-14.448919,-0.3273039,-14.448919,-14.448919,393,393,393
-0.3273039,-13.906687,-13.906687,-0.3273039,-13.906687,-13.906687,394,394,394
-0.3273039,-10.762789,-10.762789,-0.3273039,-10.762789,-10.762789,395,395,395
-0.3273039,-14.748732,-14.748732,-0.3273039,-14.748732,-14.748732,396,396,396
-0.3273039,-10.901105,-10.901105,-0.3273039,-10.901105,-10.901105,397,397,397
-0.3273039,-10.915597,-10.915597,-0.3273039,-10.915597,-10.915597,398,398,398
-0.3273039,-17.607979,-17.607979,-0.3273039,-17.607979,-17.607979,399,399,399
-0.3273039,-5.4310784,-5.4310784,-0.3273039,-5.4310784,-5.4310784,400,400,400
-0.3273039,-13.108476,-13.108476,-0.3273039,-13.108476,-13.108476,401,401,401
-0.3273039,-11.779613,-11.779613,-0.3273039,-11.779613,-11.779613,402,402,402
-0.3273039,-9.567516,-9.567516,-0.3273039,-9.567516,-9.567516,403,403,403
-0.3273039,-8.389753,-8.389753,-0.3273039,-8.389753,-8.389753,404,404,404
-0.3273039,-10.5508585,-10.5508585,-0.3273039,-10.5508585,-10.5508585,405,405,405
-0.3273039,-10.065692,-10.065692,-0.3273039,-10.065692,-10.065692,406,406,406
-0.3273039,-13.734253,-13.734253,-0.3273039,-13.734253,-13.734253,407,407,407
-0.3273039,-14.168273,-14.168273,-0.3273039,-14.168273,-14.168273,408,408,408
-0.3273039,-11.462574,-11.462574,-0.3273039,-11.462574,-11.462574,409,409,409
-0.3273039,-4.0236726,-4.0236726,-0.3273039,-4.0236726,-4.0236726,410,410,410
-0.3273039,-13.79507,-13.79507,-0.3273039,-13.79507,-13.79507,411,411,411
-0.3273039,-10.536583,-10.536583,-0.3273039,-10.536583,-10.536583,412,412,412
-0.3273039,-9.261638,-9.261638,-0.3273039,-9.261638,-9.261638,413,413,413
-0.3273039,-17.111507,-17.111507,-0.3273039,-17.111507,-17.111507,414,414,414
-0.3273039,-12.277327,-12.277327,-0.3273039,-12.277327,-12.277327,415,415,415
-0.3273039,-8.854236,-8.854236,-0.3273039,-8.854236,-8.854236,416,416,416
-0.3273039,-11.485008,-11.485008,-0.3273039,-11.485008,-11.485008,417,417,417
-0.3273039,-8.993069,-8.993069,-0.3273039,-8.993069,-8.993069,418,418,418
-0.3273039,-11.066653,-11.066653,-0.3273039,-11.066653,-11.066653,419,419,419
-0.3273039,-17.99411,-17.99411,-0.3273039,-17.99411,-17.99411,420,420,420
-0.3273039,-5.0816092,-5.0816092,-0.3273039,-5.0816092,-5.0816092,421,421,421
-0.3273039,-12.801958,-12.801958,-0.3273039,-12.801958,-12.801958,422,422,422
-0.3273039,-11.9236965,-11.9236965,-0.3273039,-11.9236965,-11.9236965,423,423,423
-0.3273039,-4.721142,-4.721142,-0.3273039,-4.721142,-4.721142,424,424,424
-0.3273039,-5.2053905,-5.2053905,-0.3273039,-5.2053905,-5.2053905,425,425,425
-0.3273039,-10.988908,-10.988908,-0.3273039,-10.988908,-10.988908,426,426,426
-0.3273039,-3.540459,-3.540459,-0.3273039,-3.540459,-3.540459,427,427,427
-0.3273039,-11.489894,-11.489894,-0.3273039,-11.489894,-11.489894,428,428,428
-0.3273039,-8.007312,-8.007312,-0.3273039,-8.007312,-8.007312,429,429,429
-0.3273039,-9.916245,-9.916245,-0.3273039,-9.916245,-9.916245,430,430,430
-0.3273039,-12.89909,-12.89909,-0.3273039,-12.89909,-12.89909,431,431,431
-0.3273039,-14.138375,-14.138375,-0.3273039,-14.138375,-14.138375,432,432,432
-0.3273039,-14.890632,-14.890632,-0.3273039,-14.890632,-14.890632,433,433,433
-0.3273039,-23.428337,-23.428337,-0.3273039,-23.428337,-23.428337,434,434,434
-0.3273039,-8.640516,-8.640516,-0.3273039,-8.640516,-8.640516,435,435,435
-0.3273039,-17.430536,-17.430536,-0.3273039,-17.430536,-17.430536,436,436,436
-0.3273039,-13.448709,-13.448709,-0.3273039,-13.448709,-13.448709,437,437,437
-0.3273039,-5.3341026,-5.3341026,-0.3273039,-5.3341026,-5.3341026,438,438,438
-0.3273039,-10.902542,-10.902542,-0.3273039,-10.902542,-10.902542,439,439,439
-0.3273039,-11.984861,-11.984861,-0.3273039,-11.984861,-11.984861,440,440,440
-0.3273039,-12.675561,-12.675561,-0.3273039,-12.675561,-12.675561,441,441,441
-0.3273039,-12.935258,-12.935258,-0.3273039,-12.935258,-12.935258,442,442,442
-0.3273039,-15.777649,-15.777649,-0.3273039,-15.777649,-15.777649,443,443,443
-0.3273039,-13.307867,-13.307867,-0.3273039,-13.307867,-13.307867,444,444,444
-0.3273039,-9.517357,-9.517357,-0.3273039,-9.517357,-9.517357,445,445,445
-0.3273039,-10.838082,-10.838082,-0.3273039,-10.838082,-10.838082,446,446,446
-0.3273039,-8.995501,-8.995501,-0.3273039,-8.995501,-8.995501,447,447,447
-0.3273039,-6.6636233,-6.6636233,-0.3273039,-6.6636233,-6.6636233,448,448,448
-0.3273039,-17.769224,-17.769224,-0.3273039,-17.769224,-17.769224,449,449,449
-0.3273039,-11.759925,-11.759925,-0.3273039,-11.759925,-11.759925,450,450,450
-0.3273039,-12.55227,-12.55227,-0.3273039,-12.55227,-12.55227,451,451,451
-0.3273039,-22.76927,-22.76927,-0.3273039,-22.76927,-22.76927,452,452,452
-0.3273039,-13.520586,-13.520586,-0.3273039,-13.520586,-13.520586,453,453,453
-0.3273039,-10.287216,-10.287216,-0.3273039,-10.287216,-10.287216,454,454,454
-0.3273039,-13.568283,-13.568283,-0.3273039,-13.568283,-13.568283,455,455,455
-0.3273039,-7.071055,-7.071055,-0.3273039,-7.071055,-7.071055,456,456,456
-0.3273039,-7.779923,-7.779923,-0.3273039,-7.779923,-7.779923,457,457,457
-0.3273039,-12.053426,-12.053426,-0.3273039,-12.053426,-12.053426,458,458,458
-0.3273039,-19.750648,-19.750648,-0.3273039,-19.750648,-19.750648,459,459,459
-0.3273039,-21.30142,-21.30142,-0.3273039,-21.30142,-21.30142,460,460,460
-0.3273039,-8.713156,-8.713156,-0.3273039,-8.713156,-8.713156,461,461,461
-0.3273039,-13.512484,-13.512484,-0.3273039,-13.512484,-13.512484,462,462,462
-0.3273039,-11.419519,-11.419519,-0.3273039,-11.419519,-11.419519,463,463,463
-0.3273039,-20.306072,-20.306072,-0.3273039,-20.306072,-20.306072,464,464,464
-0.3273039,-4.647354,-4.647354,-0.3273039,-4.647354,-4.647354,465,465,465
-0.3273039,-9.101825,-9.101825,-0.3273039,-9.101825,-9.101825,466,466,466
-0.3273039,-11.478514,-11.478514,-0.3273039,-11.478514,-11.478514,467,467,467
-0.3273039,-7.1173344,-7.1173344,-0.3273039,-7.1173344,-7.1173344,468,468,468
-0.3273039,-11.324344,-11.324344,-0.3273039,-11.324344,-11.324344,469,469,469
-0.3273039,-13.01379,-13.01379,-0.3273039,-13.01379,-13.01379,470,470,470
-0.3273039,-4.0870495,-4.0870495,-0.3273039,-4.0870495,-4.0870495,471,471,471
-0.3273039,-11.33895,-11.33895,-0.3273039,-11.33895,-11.33895,472,472,472
-0.3273039,-11.755231,-11.755231,-0.3273039,-11.755231,-11.755231,473,473,473
-0.3273039,-8.729016,-8.729016,-0.3273039,-8.729016,-8.729016,474,474,474
-0.3273039,-12.363939,-12.363939,-0.3273039,-12.363939,-12.363939,475,475,475
-0.3273039,-11.531387,-11.531387,-0.3273039,-11.531387,-11.531387,476,476,476
-0.3273039,-15.7927265,-15.7927265,-0.3273039,-15.7927265,-15.7927265,477,477,477
-0.3273039,-14.128926,-14.128926,-0.3273039,-14.128926,-14.128926,478,478,478
-0.3273039,-11.33517,-11.33517,-0.3273039,-11.33517,-11.33517,479,479,479
-0.3273039,-8.302966,-8.302966,-0.3273039,-8.302966,-8.302966,480,480,480
-0.3273039,-8.52673,-8.52673,-0.3273039,-8.52673,-8.52673,481,481,481
-0.3273039,-4.3641863,-4.3641863,-0.3273039,-4.3641863,-4.3641863,482,482,482
-0.3273039,-9.250454,-9.250454,-0.3273039,-9.250454,-9.250454,483,483,483
-0.3273039,-11.906216,-11.906216,-0.3273039,-11.906216,-11.906216,484,484,484
-0.3273039,-5.0773726,-5.0773726,-0.3273039,-5.0773726,-5.0773726,485,485,485
-0.3273039,-8.403335,-8.403335,-0.3273039,-8.403335,-8.403335,486,486,486
-0.3273039,-12.182807,-12.182807,-0.3273039,-12.182807,-12.182807,487,487,487
-0.3273039,-5.665235,-5.665235,-0.3273039,-5.665235,-5.665235,488,488,488
-0.3273039,-9.37399,-9.37399,-0.3273039,-9.37399,-9.37399,489,489,489
-0.3273039,-14.902523,-14.902523,-0.3273039,-14.902523,-14.902523,490,490,490
-0.3273039,-16.736898,-16.736898,-0.3273039,-16.736898,-16.736898,491,491,491
-0.3273039,-10.207329,-10.207329,-0.3273039,-10.207329,-10.207329,492,492,492
-0.3273039,-11.004558,-11.004558,-0.3273039,-11.004558,-11.004558,493,493,493
-0.3273039,-16.21672,-16.21672,-0.3273039,-16.21672,-16.21672,494,494,494
-0.3273039,-17.217634,-17.217634,-0.3273039,-17.217634,-17.217634,495,495,495
-0.3273039,-16.151417,-16.151417,-0.3273039,-16.151417,-16.151417,496,496,496
-0.3273039,-6.496753,-6.496753,-0.3273039,-6.496753,-6.496753,497,497,497
-0.3273039,-6.0550275,-6.0550275,-0.3273039,-6.0550275,-6.0550275,498,498,498
-0.3273039,-8.338569,-8.338569,-0.3273039,-8.338569,-8.338569,499,499,499
-0.3273039,-10.656339,-10.656339,-0.3273039,-10.656339,-10.656339,500,500,500
-0.3273039,-3.0802805,-3.0802805,-0.3273039,-3.0802805,-3.0802805,501,501,501
-0.3273039,-5.181727,-5.181727,-0.3273039,-5.181727,-5.181727,502,502,502
-0.3273039,-20.514732,-20.514732,-0.3273039,-20.514732,-20.514732,503,503,503
-0.3273039,-11.256282,-11.256282,-0.3273039,-11.256282,-11.256282,504,504,504
-0.3273039,-12.969162,-12.969162,-0.3273039,-12.969162,-12.969162,505,505,505
-0.3273039,-13.173165,-13.173165,-0.3273039,-13.173165,-13.173165,506,506,506
-0.3273039,-7.889272,-7.889272,-0.3273039,-7.889272,-7.889272,507,507,507
-0.3273039,-11.654259,-11.654259,-0.3273039,-11.654259,-11.654259,508,508,508
-0.3273039,-17.688587,-17.688587,-0.3273039,-17.688587,-17.688587,509,509,509
-0.3273039,-8.796671,-8.796671,-0.3273039,-8.796671,-8.796671,510,510,510
-0.3273039,-11.670099,-11.670099,-0.3273039,-11.670099,-11.670099,511,511,511
-0.3273039,-11.095158,-11.095158,-0.3273039,-11.095158,-11.095158,512,512,512
-0.3273039,-7.414544,-7.414544,-0.3273039,-7.414544,-7.414544,513,513,513
-0.3273039,-6.343971,-6.343971,-0.3273039,-6.343971,-6.343971,514,514,514
-0.3273039,-9.809438,-9.809438,-0.3273039,-9.809438,-9.809438,515,515,515
-0.3273039,-10.157973,-10.157973,-0.3273039,-10.157973,-10.157973,516,516,516
-0.3273039,-7.6033683,-7.6033683,-0.3273039,-7.6033683,-7.6033683,517,517,517
-0.3273039,-15.15921,-15.15921,-0.3273039,-15.15921,-15.15921,518,518,518
-0.3273039,-9.204348,-9.204348,-0.3273039,-9.204348,-9.204348,519,519,519
-0.3273039,-11.2158375,-11.2158375,-0.3273039,-11.2158375,-11.2158375,520,520,520
-0.3273039,-6.043978,-6.043978,-0.3273039,-6.043978,-6.043978,521,521,521
-0.3273039,-7.0139394,-7.0139394,-0.3273039,-7.0139394,-7.0139394,522,522,522
-0.3273039,-8.759641,-8.759641,-0.3273039,-8.759641,-8.759641,523,523,523
-0.3273039,-12.653534,-12.653534,-0.3273039,-12.653534,-12.653534,524,524,524
-0.3273039,-17.555515,-17.555515,-0.3273039,-17.555515,-17.555515,525,525,525
-0.3273039,-16.52873,-16.52873,-0.3273039,-16.52873,-16.52873,526,526,526
-0.3273039,-7.2848897,-7.2848897,-0.3273039,-7.2848897,-7.2848897,527,527,527
-0.3273039,-19.954536,-19.954536,-0.3273039,-19.954536,-19.954536,528,528,528
-0.3273039,-11.415149,-11.415149,-0.3273039,-11.415149,-11.415149,529,529,529
-0.3273039,-13.170829,-13.170829,-0.3273039,-13.170829,-13.170829,530,530,530
-0.3273039,-14.351621,-14.351621,-0.3273039,-14.351621,-14.351621,531,531,531
-0.3273039,-6.5213304,-6.5213304,-0.3273039,-6.5213304,-6.5213304,532,532,532
-0.3273039,-11.563234,-11.563234,-0.3273039,-11.563234,-11.563234,533,533,533
-0.3273039,-10.160703,-10.160703,-0.3273039,-10.160703,-10.160703,534,534,534
-0.3273039,-12.324551,-12.324551,-0.3273039,-12.324551,-12.324551,535,535,535
-0.3273039,-6.932648,-6.932648,-0.3273039,-6.932648,-6.932648,536,536,536
-0.3273039,-10.693701,-10.693701,-0.3273039,-10.693701,-10.693701,537,537,537
-0.3273039,-17.99424,-17.99424,-0.3273039,-17.99424,-17.99424,538,538,538
-0.3273039,-8.034922,-8.034922,-0.3273039,-8.034922,-8.034922,539,539,539
-0.3273039,-14.081161,-14.081161,-0.3273039,-14.081161,-14.081161,540,540,540
-0.3273039,-9.018615,-9.018615,-0.3273039,-9.018615,-9.018615,541,541,541
-0.3273039,-10.843715,-10.843715,-0.3273039,-10.843715,-10.843715,542,542,542
-0.3273039,-14.26677,-14.26677,-0.3273039,-14.26677,-14.26677,543,543,543
-0.3273039,-11.208538,-11.208538,-0.3273039,-11.208538,-11.208538,544,544,544
-0.3273039,-15.152915,-15.152915,-0.3273039,-15.152915,-15.152915,545,545,545
-0.3273039,-19.849674,-19.849674,-0.3273039,-19.849674,-19.849674,546,546,546
-0.3273039,-7.051871,-7.051871,-0.3273039,-7.051871,-7.051871,547,547,547
-0.3273039,-8.087674,-8.087674,-0.3273039,-8.087674,-8.087674,548,548,548
-0.3273039,-8.698062,-8.698062,-0.3273039,-8.698062,-8.698062,549,549,549
-0.3273039,-12.129936,-12.129936,-0.3273039,-12.129936,-12.129936,550,550,550
-0.3273039,-12.673312,-12.673312,-0.3273039,-12.673312,-12.673312,551,551,551
-0.3273039,-11.973772,-11.973772,-0.3273039,-11.973772,-11.973772,552,552,552
-0.3273039,-15.558707,-15.558707,-0.3273039,-15.558707,-15.558707,553,553,553
-0.3273039,-10.32931,-10.32931,-0.3273039,-10.32931,-10.32931,554,554,554
-0.3273039,-5.7162523,-5.7162523,-0.3273039,-5.7162523,-5.7162523,555,555,555
-0.3273039,-10.3255005,-10.3255005,-0.3273039,-10.3255005,-10.3255005,556,556,556
-0.3273039,-17.849152,-17.849152,-0.3273039,-17.849152,-17.849152,557,557,557
-0.3273039,-7.5830283,-7.5830283,-0.3273039,-7.5830283,-7.5830283,558,558,558
-0.3273039,-14.76316,-14.76316,-0.3273039,-14.76316,-14.76316,559,559,559
-0.3273039,-8.914411,-8.914411,-0.3273039,-8.914411,-8.914411,560,560,560
-0.3273039,-10.226134,-10.226134,-0.3273039,-10.226134,-10.226134,561,561,561
-0.3273039,-11.392069,-11.392069,-0.3273039,-11.392069,-11.392069,562,562,562
-0.3273039,-12.732854,-12.732854,-0.3273039,-12.732854,-12.732854,563,563,563
-0.3273039,-14.323245,-14.323245,-0.3273039,-14.323245,-14.323245,564,564,564
-0.3273039,-11.4327135,-11.4327135,-0.3273039,-11.4327135,-11.4327135,565,565,565
-0.3273039,-19.612581,-19.612581,-0.3273039,-19.612581,-19.612581,566,566,566
-0.3273039,-10.239358,-10.239358,-0.3273039,-10.239358,-10.239358,567,567,567
-0.3273039,-14.36194,-14.36194,-0.3273039,-14.36194,-14.36194,568,568,568
-0.3273039,-14.20133,-14.20133,-0.3273039,-14.20133,-14.20133,569,569,569
-0.3273039,-8.24096,-8.24096,-0.3273039,-8.24096,-8.24096,570,570,570
-0.3273039,-10.467041,-10.467041,-0.3273039,-10.467041,-10.467041,571,571,571
-0.3273039,-8.1410055,-8.1410055,-0.3273039,-8.1410055,-8.1410055,572,572,572
-0.3273039,-13.386692,-13.386692,-0.3273039,-13.386692,-13.386692,573,573,573
-0.3273039,-8.424107,-8.424107,-0.3273039,-8.424107,-8.424107,574,574,574
-0.3273039,-12.355301,-12.355301,-0.3273039,-12.355301,-12.355301,575,575,575
-0.3273039,-8.217422,-8.217422,-0.3273039,-8.217422,-8.217422,576,576,576
-0.3273039,-11.614901,-11.614901,-0.3273039,-11.614901,-11.614901,577,577,577
-0.3273039,-10.999765,-10.999765,-0.3273039,-10.999765,-10.999765,578,578,578
-0.3273039,-14.626215,-14.626215,-0.3273039,-14.626215,-14.626215,579,579,579
-0.3273039,-13.15876,-13.15876,-0.3273039,-13.15876,-13.15876,580,580,580
-0.3273039,-12.852226,-12.852226,-0.3273039,-12.852226,-12.852226,581,581,581
-0.3273039,-13.001799,-13.001799,-0.3273039,-13.001799,-13.001799,582,582,582
-0.3273039,-8.1982155,-8.1982155,-0.3273039,-8.1982155,-8.1982155,583,583,583
-0.3273039,-8.804488,-8.804488,-0.3273039,-8.804488,-8.804488,584,584,584
-0.3273039,-6.2172885,-6.2172885,-0.3273039,-6.2172885,-6.2172885,585,585,585
-0.3273039,-13.934717,-13.934717,-0.3273039,-13.934717,-13.934717,586,586,586
-0.3273039,-7.1201825,-7.1201825,-0.3273039,-7.1201825,-7.1201825,587,587,587
-0.3273039,-15.617298,-15.617298,-0.3273039,-15.617298,-15.617298,588,588,588
-0.3273039,-7.5794787,-7.5794787,-0.3273039,-7.5794787,-7.5794787,589,589,589
-0.3273039,-9.81851,-9.81851,-0.3273039,-9.81851,-9.81851,590,590,590
-0.3273039,-13.717304,-13.717304,-0.3273039,-13.717304,-13.717304,591,591,591
-0.3273039,-10.57545,-10.57545,-0.3273039,-10.57545,-10.57545,592,592,592
-0.3273039,-11.089684,-11.089684,-0.3273039,-11.089684,-11.089684,593,593,593
-0.3273039,-11.290726,-11.290726,-0.3273039,-11.290726,-11.290726,594,594,594
-0.3273039,-11.64613,-11.64613,-0.3273039,-11.64613,-11.64613,595,595,595
-0.3273039,-9.132248,-9.132248,-0.3273039,-9.132248,-9.132248,596,596,596
-0.3273039,-12.279571,-12.279571,-0.3273039,-12.279571,-12.279571,597,597,597
-0.3273039,-9.764073,-9.764073,-0.3273039,-9.764073,-9.764073,598,598,598
-0.3273039,-10.837435,-10.837435,-0.3273039,-10.837435,-10.837435,599,599,599
-0.3273039,-14.139436,-14.139436,-0.3273039,-14.139436,-14.139436,600,600,600
-0.3273039,-12.395879,-12.395879,-0.3273039,-12.395879,-12.395879,601,601,601
-0.3273039,-9.197081,-9.197081,-0.3273039,-9.197081,-9.197081,602,602,602
-0.3273039,-10.144496,-10.144496,-0.3273039,-10.144496,-10.144496,603,603,603
-0.3273039,-8.135515,-8.135515,-0.3273039,-8.135515,-8.135515,604,604,604
-0.3273039,-6.826703,-6.826703,-0.3273039,-6.826703,-6.826703,605,605,605
-0.3273039,-9.6861725,-9.6861725,-0.3273039,-9.6861725,-9.6861725,606,606,606
-0.3273039,-22.130089,-22.130089,-0.3273039,-22.130089,-22.130089,607,607,607
-0.3273039,-7.163065,-7.163065,-0.3273039,-7.163065,-7.163065,608,608,608
-0.3273039,-4.673768,-4.673768,-0.3273039,-4.673768,-4.673768,609,609,609
-0.3273039,-3.8382494,-3.8382494,-0.3273039,-3.8382494,-3.8382494,610,610,610
-0.3273039,-8.10957,-8.10957,-0.3273039,-8.10957,-8.10957,611,611,611
-0.3273039,-12.347436,-12.347436,-0.3273039,-12.347436,-12.347436,612,612,612
-0.3273039,-4.2856,-4.2856,-0.3273039,-4.2856,-4.2856,613,613,613
-0.3273039,-11.018101,-11.018101,-0.3273039,-11.018101,-11.018101,614,614,614
-0.3273039,-6.916188,-6.916188,-0.3273039,-6.916188,-6.916188,615,615,615
-0.3273039,-18.58084,-18.58084,-0.3273039,-18.58084,-18.58084,616,616,616
-0.3273039,-11.47395,-11.47395,-0.3273039,-11.47395,-11.47395,617,617,617
-0.3273039,-6.871704,-6.871704,-0.3273039,-6.871704,-6.871704,618,618,618
-0.3273039,-9.110695,-9.110695,-0.3273039,-9.110695,-9.110695,619,619,619
-0.3273039,-6.7865744,-6.7865744,-0.3273039,-6.7865744,-6.7865744,620,620,620
-0.3273039,-11.139186,-11.139186,-0.3273039,-11.139186,-11.139186,621,621,621
-0.3273039,-11.823078,-11.823078,-0.3273039,-11.823078,-11.823078,622,622,622
-0.3273039,-14.014032,-14.014032,-0.3273039,-14.014032,-14.014032,623,623,623
-0.3273039,-7.3596206,-7.3596206,-0.3273039,-7.3596206,-7.3596206,624,624,624
-0.3273039,-14.753206,-14.753206,-0.3273039,-14.753206,-14.753206,625,625,625
-0.3273039,-8.899357,-8.899357,-0.3273039,-8.899357,-8.899357,626,626,626
-0.3273039,-11.543533,-11.543533,-0.3273039,-11.543533,-11.543533,627,627,627
-0.3273039,-13.763214,-13.763214,-0.3273039,-13.763214,-13.763214,628,628,628
-0.3273039,-16.852064,-16.852064,-0.3273039,-16.852064,-16.852064,629,629,629
-0.3273039,-9.674808,-9.674808,-0.3273039,-9.674808,-9.674808,630,630,630
-0.3273039,-11.137409,-11.137409,-0.3273039,-11.137409,-11.137409,631,631,631
-0.3273039,-5.502973,-5.502973,-0.3273039,-5.502973,-5.502973,632,632,632
-0.3273039,-14.617753,-14.617753,-0.3273039,-14.617753,-14.617753,633,633,633
-0.3273039,-11.238452,-11.238452,-0.3273039,-11.238452,-11.238452,634,634,634
-0.3273039,-6.498191,-6.498191,-0.3273039,-6.498191,-6.498191,635,635,635
-0.3273039,-10.237484,-10.237484,-0.3273039,-10.237484,-10.237484,636,636,636
-0.3273039,-13.94568,-13.94568,-0.3273039,-13.94568,-13.94568,637,637,637
-0.3273039,-4.4160023,-4.4160023,-0.3273039,-4.4160023,-4.4160023,638,638,638
-0.3273039,-4.5098786,-4.5098786,-0.3273039,-4.5098786,-4.5098786,639,639,639
-0.3273039,-11.941585,-11.941585,-0.3273039,-11.941585,-11.941585,640,640,640
-0.3273039,-11.468808,-11.468808,-0.3273039,-11.468808,-11.468808,641,641,641
-0.3273039,-9.69728,-9.69728,-0.3273039,-9.69728,-9.69728,642,642,642
-0.3273039,-13.35935,-13.35935,-0.3273039,-13.35935,-13.35935,643,643,643
-0.3273039,-10.582373,-10.582373,-0.3273039,-10.582373,-10.582373,644,644,644
-0.3273039,-11.055575,-11.055575,-0.3273039,-11.055575,-11.055575,645,645,645
-0.3273039,-16.95328,-16.95328,-0.3273039,-16.95328,-16.95328,646,646,646
-0.3273039,-24.083103,-24.083103,-0.3273039,-24.083103,-24.083103,647,647,647
-0.3273039,-8.043666,-8.043666,-0.3273039,-8.043666,-8.043666,648,648,648
-0.3273039,-10.929787,-10.929787,-0.3273039,-10.929787,-10.929787,649,649,649
-0.3273039,-4.4812355,-4.4812355,-0.3273039,-4.4812355,-4.4812355,650,650,650
-0.3273039,-15.0092745,-15.0092745,-0.3273039,-15.0092745,-15.0092745,651,651,651
-0.3273039,-9.461642,-9.461642,-0.3273039,-9.461642,-9.461642,652,652,652
-0.3273039,-16.313997,-16.313997,-0.3273039,-16.313997,-16.313997,653,653,653
-0.3273039,-10.339668,-10.339668,-0.3273039,-10.339668,-10.339668,654,654,654
-0.3273039,-12.951546,-12.951546,-0.3273039,-12.951546,-12.951546,655,655,655
-0.3273039,-10.043169,-10.043169,-0.3273039,-10.043169,-10.043169,656,656,656
-0.3273039,-12.282308,-12.282308,-0.3273039,-12.282308,-12.282308,657,657,657
-0.3273039,-7.6363482,-7.6363482,-0.3273039,-7.6363482,-7.6363482,658,658,658
-0.3273039,-10.4968195,-10.4968195,-0.3273039,-10.4968195,-10.4968195,659,659,659
-0.3273039,-6.3438454,-6.3438454,-0.3273039,-6.3438454,-6.3438454,660,660,660
-0.3273039,-5.8610606,-5.8610606,-0.3273039,-5.8610606,-5.8610606,661,661,661
-0.3273039,-10.584559,-10.584559,-0.3273039,-10.584559,-10.584559,662,662,662
-0.3273039,-12.051123,-12.051123,-0.3273039,-12.051123,-12.051123,663,663,663
-0.3273039,-11.503015,-11.503015,-0.3273039,-11.503015,-11.503015,664,664,664
-0.3273039,-24.599596,-24.599596,-0.3273039,-24.599596,-24.599596,665,665,665
-0.3273039,-14.3150425,-14.3150425,-0.3273039,-14.3150425,-14.3150425,666,666,666
-0.3273039,-14.837427,-14.837427,-0.3273039,-14.837427,-14.837427,667,667,667
-0.3273039,-11.479674,-11.479674,-0.3273039,-11.479674,-11.479674,668,668,668
-0.3273039,-11.898321,-11.898321,-0.3273039,-11.898321,-11.898321,669,669,669
-0.3273039,-5.791271,-5.791271,-0.3273039,-5.791271,-5.791271,670,670,670
-0.3273039,-11.916105,-11.916105,-0.3273039,-11.916105,-11.916105,671,671,671
-0.3273039,-11.042575,-11.042575,-0.3273039,-11.042575,-11.042575,672,672,672
-0.3273039,-13.201865,-13.201865,-0.3273039,-13.201865,-13.201865,673,673,673
-0.3273039,-13.371337,-13.371337,-0.3273039,-13.371337,-13.371337,674,674,674
-0.3273039,-18.672585,-18.672585,-0.3273039,-18.672585,-18.672585,675,675,675
-0.3273039,-13.866372,-13.866372,-0.3273039,-13.866372,-13.866372,676,676,676
-0.3273039,-10.861801,-10.861801,-0.3273039,-10.861801,-10.861801,677,677,677
-0.3273039,-8.368756,-8.368756,-0.3273039,-8.368756,-8.368756,678,678,678
-0.3273039,-10.380253,-10.380253,-0.3273039,-10.380253,-10.380253,679,679,679
-0.3273039,-13.475018,-13.475018,-0.3273039,-13.475018,-13.475018,680,680,680
-0.3273039,-13.175233,-13.175233,-0.3273039,-13.175233,-13.175233,681,681,681
-0.3273039,-5.7874217,-5.7874217,-0.3273039,-5.7874217,-5.7874217,682,682,682
-0.3273039,-12.327851,-12.327851,-0.3273039,-12.327851,-12.327851,683,683,683
-0.3273039,-13.385232,-13.385232,-0.3273039,-13.385232,-13.385232,684,684,684
-0.3273039,-15.154744,-15.154744,-0.3273039,-15.154744,-15.154744,685,685,685
-0.3273039,-10.1619425,-10.1619425,-0.3273039,-10.1619425,-10.1619425,686,686,686
-0.3273039,-13.5131235,-13.5131235,-0.3273039,-13.5131235,-13.5131235,687,687,687
-0.3273039,-10.851954,-10.851954,-0.3273039,-10.851954,-10.851954,688,688,688
-0.3273039,-11.127057,-11.127057,-0.3273039,-11.127057,-11.127057,689,689,689
-0.3273039,-18.458784,-18.458784,-0.3273039,-18.458784,-18.458784,690,690,690
-0.3273039,-10.232643,-10.232643,-0.3273039,-10.232643,-10.232643,691,691,691
-0.3273039,-7.52374,-7.52374,-0.3273039,-7.52374,-7.52374,692,692,692
-0.3273039,-2.4482257,-2.4482257,-0.3273039,-2.4482257,-2.4482257,693,693,693
-0.3273039,-13.242268,-13.242268,-0.3273039,-13.242268,-13.242268,694,694,694
-0.3273039,-14.028667,-14.028667,-0.3273039,-14.028667,-14.028667,695,695,695
-0.3273039,-13.552082,-13.552082,-0.3273039,-13.552082,-13.552082,696,696,696
-0.3273039,-7.4579597,-7.4579597,-0.3273039,-7.4579597,-7.4579597,697,697,697
-0.3273039,-8.183472,-8.183472,-0.3273039,-8.183472,-8.183472,698,698,698
-0.3273039,-5.144215,-5.144215,-0.3273039,-5.144215,-5.144215,699,699,699
-0.3273039,-11.678007,-11.678007,-0.3273039,-11.678007,-11.678007,700,700,700
-0.3273039,-16.018177,-16.018177,-0.3273039,-16.018177,-16.018177,701,701,701
-0.3273039,-7.391307,-7.391307,-0.3273039,-7.391307,-7.391307,702,702,702
-0.3273039,-8.430731,-8.430731,-0.3273039,-8.430731,-8.430731,703,703,703
-0.3273039,-14.260079,-14.260079,-0.3273039,-14.260079,-14.260079,704,704,704
-0.3273039,-10.555044,-10.555044,-0.3273039,-10.555044,-10.555044,705,705,705
-0.3273039,-13.945558,-13.945558,-0.3273039,-13.945558,-13.945558,706,706,706
-0.3273039,-11.186056,-11.186056,-0.3273039,-11.186056,-11.186056,707,707,707
-0.3273039,-2.5505757,-2.5505757,-0.3273039,-2.5505757,-2.5505757,708,708,708
-0.3273039,-14.147353,-14.147353,-0.3273039,-14.147353,-14.147353,709,709,709
-0.3273039,-12.085851,-12.085851,-0.3273039,-12.085851,-12.085851,710,710,710
-0.3273039,-14.064989,-14.064989,-0.3273039,-14.064989,-14.064989,711,711,711
-0.3273039,-10.162027,-10.162027,-0.3273039,-10.162027,-10.162027,712,712,712
-0.3273039,-13.357846,-13.357846,-0.3273039,-13.357846,-13.357846,713,713,713
-0.3273039,-12.510807,-12.510807,-0.3273039,-12.510807,-12.510807,714,714,714
-0.3273039,-15.906326,-15.906326,-0.3273039,-15.906326,-15.906326,715,715,715
-0.3273039,-2.9211745,-2.9211745,-0.3273039,-2.9211745,-2.9211745,716,716,716
-0.3273039,-14.423563,-14.423563,-0.3273039,-14.423563,-14.423563,717,717,717
-0.3273039,-5.2116446,-5.2116446,-0.3273039,-5.2116446,-5.2116446,718,718,718
-0.3273039,-19.856329,-19.856329,-0.3273039,-19.856329,-19.856329,719,719,719
-0.3273039,-14.028447,-14.028447,-0.3273039,-14.028447,-14.028447,720,720,720
-0.3273039,-14.382035,-14.382035,-0.3273039,-14.382035,-14.382035,721,721,721
-0.3273039,-15.020086,-15.020086,-0.3273039,-15.020086,-15.020086,722,722,722
-0.3273039,-11.525269,-11.525269,-0.3273039,-11.525269,-11.525269,723,723,723
-0.3273039,-10.914542,-10.914542,-0.3273039,-10.914542,-10.914542,724,724,724
-0.3273039,-19.616383,-19.616383,-0.3273039,-19.616383,-19.616383,725,725,725
-0.3273039,-7.896166,-7.896166,-0.3273039,-7.896166,-7.896166,726,726,726
-0.3273039,-13.894515,-13.894515,-0.3273039,-13.894515,-13.894515,727,727,727
-0.3273039,-11.583208,-11.583208,-0.3273039,-11.583208,-11.583208,728,728,728
-0.3273039,-10.499659,-10.499659,-0.3273039,-10.499659,-10.499659,729,729,729
-0.3273039,-10.20481,-10.20481,-0.3273039,-10.20481,-10.20481,730,730,730
-0.3273039,-8.543593,-8.543593,-0.3273039,-8.543593,-8.543593,731,731,731
-0.3273039,-13.2455435,-13.2455435,-0.3273039,-13.2455435,-13.2455435,732,732,732
-0.3273039,-12.434897,-12.434897,-0.3273039,-12.434897,-12.434897,733,733,733
-0.3273039,-14.908528,-14.908528,-0.3273039,-14.908528,-14.908528,734,734,734
-0.3273039,-12.30245,-12.30245,-0.3273039,-12.30245,-12.30245,735,735,735
-0.3273039,-5.4443517,-5.4443517,-0.3273039,-5.4443517,-5.4443517,736,736,736
-0.3273039,-12.846155,-12.846155,-0.3273039,-12.846155,-12.846155,737,737,737
-0.3273039,-13.260005,-13.260005,-0.3273039,-13.260005,-13.260005,738,738,738
-0.3273039,-8.934802,-8.934802,-0.3273039,-8.934802,-8.934802,739,739,739
-0.3273039,-11.058765,-11.058765,-0.3273039,-11.058765,-11.058765,740,740,740
-0.3273039,-16.553413,-16.553413,-0.3273039,-16.553413,-16.553413,741,741,741
-0.3273039,-9.682854,-9.682854,-0.3273039,-9.682854,-9.682854,742,742,742
-0.3273039,-9.110439,-9.110439,-0.3273039,-9.110439,-9.110439,743,743,743
-0.3273039,-9.129855,-9.129855,-0.3273039,-9.129855,-9.129855,744,744,744
-0.3273039,-17.434986,-17.434986,-0.3273039,-17.434986,-17.434986,745,745,745
-0.3273039,-17.500443,-17.500443,-0.3273039,-17.500443,-17.500443,746,746,746
-0.3273039,-5.2748213,-5.2748213,-0.3273039,-5.2748213,-5.2748213,747,747,747
-0.3273039,-10.367323,-10.367323,-0.3273039,-10.367323,-10.367323,748,748,748
-0.3273039,-11.197492,-11.197492,-0.3273039,-11.197492,-11.197492,749,749,749
-0.3273039,-12.114536,-12.114536,-0.3273039,-12.114536,-12.114536,750,750,750
-0.3273039,-3.3458033,-3.3458033,-0.3273039,-3.3458033,-3.3458033,751,751,751
-0.3273039,-9.657501,-9.657501,-0.3273039,-9.657501,-9.657501,752,752,752
-0.3273039,-5.726667,-5.726667,-0.3273039,-5.726667,-5.726667,753,753,753
-0.3273039,-13.9031725,-13.9031725,-0.3273039,-13.9031725,-13.9031725,754,754,754
-0.3273039,-9.772389,-9.772389,-0.3273039,-9.772389,-9.772389,755,755,755
-0.3273039,-11.342099,-11.342099,-0.3273039,-11.342099,-11.342099,756,756,756
-0.3273039,-14.270953,-14.270953,-0.3273039,-14.270953,-14.270953,757,757,757
-0.3273039,-10.206666,-10.206666,-0.3273039,-10.206666,-10.206666,758,758,758
-0.3273039,-3.203174,-3.203174,-0.3273039,-3.203174,-3.203174,759,759,759
-0.3273039,-12.663253,-12.663253,-0.3273039,-12.663253,-12.663253,760,760,760
-0.3273039,-10.97995,-10.97995,-0.3273039,-10.97995,-10.97995,761,761,761
-0.3273039,-11.786068,-11.786068,-0.3273039,-11.786068,-11.786068,762,762,762
-0.3273039,-8.45348,-8.45348,-0.3273039,-8.45348,-8.45348,763,763,763
-0.3273039,-14.487786,-14.487786,-0.3273039,-14.487786,-14.487786,764,764,764
-0.3273039,-8.412239,-8.412239,-0.3273039,-8.412239,-8.412239,765,765,765
-0.3273039,-6.607113,-6.607113,-0.3273039,-6.607113,-6.607113,766,766,766
-0.3273039,-18.217566,-18.217566,-0.3273039,-18.217566,-18.217566,767,767,767
-0.3273039,-8.037399,-8.037399,-0.3273039,-8.037399,-8.037399,768,768,768
-0.3273039,-13.810325,-13.810325,-0.3273039,-13.810325,-13.810325,769,769,769
-0.3273039,-11.332729,-11.332729,-0.3273039,-11.332729,-11.332729,770,770,770
-0.3273039,-8.511408,-8.511408,-0.3273039,-8.511408,-8.511408,771,771,771
-0.3273039,-8.730103,-8.730103,-0.3273039,-8.730103,-8.730103,772,772,772
-0.3273039,-10.522356,-10.522356,-0.3273039,-10.522356,-10.522356,773,773,773
-0.3273039,-11.216319,-11.216319,-0.3273039,-11.216319,-11.216319,774,774,774
-0.3273039,-7.984888,-7.984888,-0.3273039,-7.984888,-7.984888,775,775,775
-0.3273039,-5.227612,-5.227612,-0.3273039,-5.227612,-5.227612,776,776,776
-0.3273039,-9.254828,-9.254828,-0.3273039,-9.254828,-9.254828,777,777,777
-0.3273039,-10.67027,-10.67027,-0.3273039,-10.67027,-10.67027,778,778,778
-0.3273039,-16.53601,-16.53601,-0.3273039,-16.53601,-16.53601,779,779,779
-0.3273039,-19.831533,-19.831533,-0.3273039,-19.831533,-19.831533,780,780,780
-0.3273039,-19.328651,-19.328651,-0.3273039,-19.328651,-19.328651,781,781,781
-0.3273039,-8.0643835,-8.0643835,-0.3273039,-8.0643835,-8.0643835,782,782,782
-0.3273039,-14.248425,-14.248425,-0.3273039,-14.248425,-14.248425,783,783,783
-0.3273039,-12.019961,-12.019961,-0.3273039,-12.019961,-12.019961,784,784,784
-0.3273039,-8.495494,-8.495494,-0.3273039,-8.495494,-8.495494,785,785,785
-0.3273039,-17.051706,-17.051706,-0.3273039,-17.051706,-17.051706,786,786,786
-0.3273039,-10.491017,-10.491017,-0.3273039,-10.491017,-10.491017,787,787,787
-0.3273039,-4.590073,-4.590073,-0.3273039,-4.590073,-4.590073,788,788,788
-0.3273039,-17.631283,-17.631283,-0.3273039,-17.631283,-17.631283,789,789,789
-0.3273039,-13.197733,-13.197733,-0.3273039,-13.197733,-13.197733,790,790,790
-0.3273039,-15.147616,-15.147616,-0.3273039,-15.147616,-15.147616,791,791,791
-0.3273039,-19.887043,-19.887043,-0.3273039,-19.887043,-19.887043,792,792,792
-0.3273039,-10.235721,-10.235721,-0.3273039,-10.235721,-10.235721,793,793,793
-0.3273039,-9.572866,-9.572866,-0.3273039,-9.572866,-9.572866,794,794,794
-0.3273039,-11.761414,-11.761414,-0.3273039,-11.761414,-11.761414,795,795,795
-0.3273039,-16.36717,-16.36717,-0.3273039,-16.36717,-16.36717,796,796,796
-0.3273039,-6.354555,-6.354555,-0.3273039,-6.354555,-6.354555,797,797,797
-0.3273039,-11.594131,-11.594131,-0.3273039,-11.594131,-11.594131,798,798,798
-0.3273039,-12.241602,-12.241602,-0.3273039,-12.241602,-12.241602,799,799,799
-0.3273039,-11.086543,-11.086543,-0.3273039,-11.086543,-11.086543,800,800,800
-0.3273039,-5.88654,-5.88654,-0.3273039,-5.88654,-5.88654,801,801,801
-0.3273039,-4.776633,-4.776633,-0.3273039,-4.776633,-4.776633,802,802,802
-0.3273039,-17.764189,-17.764189,-0.3273039,-17.764189,-17.764189,803,803,803
-0.3273039,-8.595161,-8.595161,-0.3273039,-8.595161,-8.595161,804,804,804
-0.3273039,-7.6129484,-7.6129484,-0.3273039,-7.6129484,-7.6129484,805,805,805
-0.3273039,-3.6256936,-3.6256936,-0.3273039,-3.6256936,-3.6256936,806,806,806
-0.3273039,-14.39459,-14.39459,-0.3273039,-14.39459,-14.39459,807,807,807
-0.3273039,-12.230606,-12.230606,-0.3273039,-12.230606,-12.230606,808,808,808
-0.3273039,-12.123497,-12.123497,-0.3273039,-12.123497,-12.123497,809,809,809
-0.3273039,-10.817033,-10.817033,-0.3273039,-10.817033,-10.817033,810,810,810
-0.3273039,-18.559097,-18.559097,-0.3273039,-18.559097,-18.559097,811,811,811
-0.3273039,-17.989805,-17.989805,-0.3273039,-17.989805,-17.989805,812,812,812
-0.3273039,-11.180578,-11.180578,-0.3273039,-11.180578,-11.180578,813,813,813
-0.3273039,-18.733463,-18.733463,-0.3273039,-18.733463,-18.733463,814,814,814
-0.3273039,-14.621701,-14.621701,-0.3273039,-14.621701,-14.621701,815,815,815
-0.3273039,-11.74381,-11.74381,-0.3273039,-11.74381,-11.74381,816,816,816
-0.3273039,-13.022486,-13.022486,-0.3273039,-13.022486,-13.022486,817,817,817
-0.3273039,-15.078215,-15.078215,-0.3273039,-15.078215,-15.078215,818,818,818
-0.3273039,-18.96333,-18.96333,-0.3273039,-18.96333,-18.96333,819,819,819
-0.3273039,-13.165935,-13.165935,-0.3273039,-13.165935,-13.165935,820,820,820
-0.3273039,-20.838194,-20.838194,-0.3273039,-20.838194,-20.838194,821,821,821
-0.3273039,-9.7603655,-9.7603655,-0.3273039,-9.7603655,-9.7603655,822,822,822
-0.3273039,-12.760539,-12.760539,-0.3273039,-12.760539,-12.760539,823,823,823
-0.3273039,-11.936925,-11.936925,-0.3273039,-11.936925,-11.936925,824,824,824
-0.3273039,-10.483238,-10.483238,-0.3273039,-10.483238,-10.483238,825,825,825
-0.3273039,-16.884792,-16.884792,-0.3273039,-16.884792,-16.884792,826,826,826
-0.3273039,-6.4657736,-6.4657736,-0.3273039,-6.4657736,-6.4657736,827,827,827
-0.3273039,-11.264159,-11.264159,-0.3273039,-11.264159,-11.264159,828,828,828
-0.3273039,-11.853522,-11.853522,-0.3273039,-11.853522,-11.853522,829,829,829
-0.3273039,-12.010156,-12.010156,-0.3273039,-12.010156,-12.010156,830,830,830
-0.3273039,-4.410564,-4.410564,-0.3273039,-4.410564,-4.410564,831,831,831
-0.3273039,-7.479168,-7.479168,-0.3273039,-7.479168,-7.479168,832,832,832
-0.3273039,-8.145354,-8.145354,-0.3273039,-8.145354,-8.145354,833,833,833
-0.3273039,-14.597126,-14.597126,-0.3273039,-14.597126,-14.597126,834,834,834
-0.3273039,-9.206803,-9.206803,-0.3273039,-9.206803,-9.206803,835,835,835
-0.3273039,-6.8453193,-6.8453193,-0.3273039,-6.8453193,-6.8453193,836,836,836
-0.3273039,-7.36252,-7.36252,-0.3273039,-7.36252,-7.36252,837,837,837
-0.3273039,-13.213381,-13.213381,-0.3273039,-13.213381,-13.213381,838,838,838
-0.3273039,-13.16275,-13.16275,-0.3273039,-13.16275,-13.16275,839,839,839
-0.3273039,-16.954798,-16.954798,-0.3273039,-16.954798,-16.954798,840,840,840
-0.3273039,-10.8769245,-10.8769245,-0.3273039,-10.8769245,-10.8769245,841,841,841
-0.3273039,-10.518606,-10.518606,-0.3273039,-10.518606,-10.518606,842,842,842
-0.3273039,-8.93945,-8.93945,-0.3273039,-8.93945,-8.93945,843,843,843
-0.3273039,-15.191578,-15.191578,-0.3273039,-15.191578,-15.191578,844,844,844
-0.3273039,-11.323536,-11.323536,-0.3273039,-11.323536,-11.323536,845,845,845
-0.3273039,-9.108383,-9.108383,-0.3273039,-9.108383,-9.108383,846,846,846
-0.3273039,-14.432945,-14.432945,-0.3273039,-14.432945,-14.432945,847,847,847
-0.3273039,-5.0838947,-5.0838947,-0.3273039,-5.0838947,-5.0838947,848,848,848
-0.3273039,-13.717059,-13.717059,-0.3273039,-13.717059,-13.717059,849,849,849
-0.3273039,-12.721143,-12.721143,-0.3273039,-12.721143,-12.721143,850,850,850
-0.3273039,-20.16599,-20.16599,-0.3273039,-20.16599,-20.16599,851,851,851
-0.3273039,-5.7625275,-5.7625275,-0.3273039,-5.7625275,-5.7625275,852,852,852
-0.3273039,-16.505503,-16.505503,-0.3273039,-16.505503,-16.505503,853,853,853
-0.3273039,-7.260499,-7.260499,-0.3273039,-7.260499,-7.260499,854,854,854
-0.3273039,-6.4999747,-6.4999747,-0.3273039,-6.4999747,-6.4999747,855,855,855
-0.3273039,-17.271244,-17.271244,-0.3273039,-17.271244,-17.271244,856,856,856
-0.3273039,-12.62095,-12.62095,-0.3273039,-12.62095,-12.62095,857,857,857
-0.3273039,-5.578722,-5.578722,-0.3273039,-5.578722,-5.578722,858,858,858
-0.3273039,-10.6074705,-10.6074705,-0.3273039,-10.6074705,-10.6074705,859,859,859
-0.3273039,-5.4848685,-5.4848685,-0.3273039,-5.4848685,-5.4848685,860,860,860
-0.3273039,-19.39424,-19.39424,-0.3273039,-19.39424,-19.39424,861,861,861
-0.3273039,-11.507098,-11.507098,-0.3273039,-11.507098,-11.507098,862,862,862
-0.3273039,-13.387695,-13.387695,-0.3273039,-13.387695,-13.387695,863,863,863
-0.3273039,-10.311013,-10.311013,-0.3273039,-10.311013,-10.311013,864,864,864
-0.3273039,-8.552321,-8.552321,-0.3273039,-8.552321,-8.552321,865,865,865
-0.3273039,-11.178273,-11.178273,-0.3273039,-11.178273,-11.178273,866,866,866
-0.3273039,-13.455123,-13.455123,-0.3273039,-13.455123,-13.455123,867,867,867
-0.3273039,-6.5913343,-6.5913343,-0.3273039,-6.5913343,-6.5913343,868,868,868
-0.3273039,-20.367678,-20.367678,-0.3273039,-20.367678,-20.367678,869,869,869
-0.3273039,-9.141781,-9.141781,-0.3273039,-9.141781,-9.141781,870,870,870
-0.3273039,-12.245715,-12.245715,-0.3273039,-12.245715,-12.245715,871,871,871
-0.3273039,-10.761675,-10.761675,-0.3273039,-10.761675,-10.761675,872,872,872
-0.3273039,-10.433422,-10.433422,-0.3273039,-10.433422,-10.433422,873,873,873
-0.3273039,-16.573006,-16.573006,-0.3273039,-16.573006,-16.573006,874,874,874
-0.3273039,-11.176964,-11.176964,-0.3273039,-11.176964,-11.176964,875,875,875
-0.3273039,-5.56259,-5.56259,-0.3273039,-5.56259,-5.56259,876,876,876
-0.3273039,-10.811835,-10.811835,-0.3273039,-10.811835,-10.811835,877,877,877
-0.3273039,-13.729242,-13.729242,-0.3273039,-13.729242,-13.729242,878,878,878
-0.3273039,-11.086396,-11.086396,-0.3273039,-11.086396,-11.086396,879,879,879
-0.3273039,-18.345512,-18.345512,-0.3273039,-18.345512,-18.345512,880,880,880
-0.3273039,-6.711107,-6.711107,-0.3273039,-6.711107,-6.711107,881,881,881
-0.3273039,-5.6205773,-5.6205773,-0.3273039,-5.6205773,-5.6205773,882,882,882
-0.3273039,-7.760195,-7.760195,-0.3273039,-7.760195,-7.760195,883,883,883
-0.3273039,-13.218241,-13.218241,-0.3273039,-13.218241,-13.218241,884,884,884
-0.3273039,-15.576148,-15.576148,-0.3273039,-15.576148,-15.576148,885,885,885
-0.3273039,-14.217661,-14.217661,-0.3273039,-14.217661,-14.217661,886,886,886
-0.3273039,-12.555859,-12.555859,-0.3273039,-12.555859,-12.555859,887,887,887
-0.3273039,-19.813828,-19.813828,-0.3273039,-19.813828,-19.813828,888,888,888
-0.3273039,-8.573386,-8.573386,-0.3273039,-8.573386,-8.573386,889,889,889
-0.3273039,-11.261304,-11.261304,-0.3273039,-11.261304,-11.261304,890,890,890
-0.3273039,-6.699194,-6.699194,-0.3273039,-6.699194,-6.699194,891,891,891
-0.3273039,-15.711437,-15.711437,-0.3273039,-15.711437,-15.711437,892,892,892
-0.3273039,-16.49195,-16.49195,-0.3273039,-16.49195,-16.49195,893,893,893
-0.3273039,-19.768173,-19.768173,-0.3273039,-19.768173,-19.768173,894,894,894
-0.3273039,-16.339212,-16.339212,-0.3273039,-16.339212,-16.339212,895,895,895
-0.3273039,-8.636841,-8.636841,-0.3273039,-8.636841,-8.636841,896,896,896
-0.3273039,-12.057393,-12.057393,-0.3273039,-12.057393,-12.057393,897,897,897
-0.3273039,-13.049226,-13.049226,-0.3273039,-13.049226,-13.049226,898,898,898
-0.3273039,-12.139446,-12.139446,-0.3273039,-12.139446,-12.139446,899,899,899
-0.3273039,-18.037613,-18.037613,-0.3273039,-18.037613,-18.037613,900,900,900
-0.3273039,-8.165716,-8.165716,-0.3273039,-8.165716,-8.165716,901,901,901
-0.3273039,-7.726311,-7.726311,-0.3273039,-7.726311,-7.726311,902,902,902
-0.3273039,-10.472069,-10.472069,-0.3273039,-10.472069,-10.472069,903,903,903
-0.3273039,-14.606823,-14.606823,-0.3273039,-14.606823,-14.606823,904,904,904
-0.3273039,-18.600637,-18.600637,-0.3273039,-18.600637,-18.600637,905,905,905
-0.3273039,-15.562941,-15.562941,-0.3273039,-15.562941,-15.562941,906,906,906
-0.3273039,-10.574498,-10.574498,-0.3273039,-10.574498,-10.574498,907,907,907
-0.3273039,-12.810511,-12.810511,-0.3273039,-12.810511,-12.810511,908,908,908
-0.3273039,-9.623554,-9.623554,-0.3273039,-9.623554,-9.623554,909,909,909
-0.3273039,-9.335869,-9.335869,-0.3273039,-9.335869,-9.335869,910,910,910
-0.3273039,-13.285727,-13.285727,-0.3273039,-13.285727,-13.285727,911,911,911
-0.3273039,-10.5578165,-10.5578165,-0.3273039,-10.5578165,-10.5578165,912,912,912
-0.3273039,-7.3193264,-7.3193264,-0.3273039,-7.3193264,-7.3193264,913,913,913
-0.3273039,-9.415122,-9.415122,-0.3273039,-9.415122,-9.415122,914,914,914
-0.3273039,-9.790304,-9.790304,-0.3273039,-9.790304,-9.790304,915,915,915
-0.3273039,-13.5094385,-13.5094385,-0.3273039,-13.5094385,-13.5094385,916,916,916
-0.3273039,-16.08643,-16.08643,-0.3273039,-16.08643,-16.08643,917,917,917
-0.3273039,-4.657494,-4.657494,-0.3273039,-4.657494,-4.657494,918,918,918
-0.3273039,-11.606853,-11.606853,-0.3273039,-11.606853,-11.606853,919,919,919
-0.3273039,-5.4814944,-5.4814944,-0.3273039,-5.4814944,-5.4814944,920,920,920
-0.3273039,-12.276352,-12.276352,-0.3273039,-12.276352,-12.276352,921,921,921
-0.3273039,-8.406392,-8.406392,-0.3273039,-8.406392,-8.406392,922,922,922
-0.3273039,-11.779179,-11.779179,-0.3273039,-11.779179,-11.779179,923,923,923
-0.3273039,-14.868272,-14.868272,-0.3273039,-14.868272,-14.868272,924,924,924
-0.3273039,-8.983519,-8.983519,-0.3273039,-8.983519,-8.983519,925,925,925
-0.3273039,-13.261361,-13.261361,-0.3273039,-13.261361,-13.261361,926,926,926
-0.3273039,-21.232428,-21.232428,-0.3273039,-21.232428,-21.232428,927,927,927
-0.3273039,-17.08253,-17.08253,-0.3273039,-17.08253,-17.08253,928,928,928
-0.3273039,-20.673296,-20.673296,-0.3273039,-20.673296,-20.673296,929,929,929
-0.3273039,-9.069125,-9.069125,-0.3273039,-9.069125,-9.069125,930,930,930
-0.3273039,-4.9691443,-4.9691443,-0.3273039,-4.9691443,-4.9691443,931,931,931
-0.3273039,-8.128906,-8.128906,-0.3273039,-8.128906,-8.128906,932,932,932
-0.3273039,-13.486365,-13.486365,-0.3273039,-13.486365,-13.486365,933,933,933
-0.3273039,-12.210354,-12.210354,-0.3273039,-12.210354,-12.210354,934,934,934
-0.3273039,-7.9823503,-7.9823503,-0.3273039,-7.9823503,-7.9823503,935,935,935
-0.3273039,-9.650952,-9.650952,-0.3273039,-9.650952,-9.650952,936,936,936
-0.3273039,-7.7413626,-7.7413626,-0.3273039,-7.7413626,-7.7413626,937,937,937
-0.3273039,-11.174211,-11.174211,-0.3273039,-11.174211,-11.174211,938,938,938
-0.3273039,-15.288421,-15.288421,-0.3273039,-15.288421,-15.288421,939,939,939
-0.3273039,-14.634166,-14.634166,-0.3273039,-14.634166,-14.634166,940,940,940
-0.3273039,-15.555265,-15.555265,-0.3273039,-15.555265,-15.555265,941,941,941
-0.3273039,-5.0928526,-5.0928526,-0.3273039,-5.0928526,-5.0928526,942,942,942
-0.3273039,-12.915456,-12.915456,-0.3273039,-12.915456,-12.915456,943,943,943
-0.3273039,-10.603381,-10.603381,-0.3273039,-10.603381,-10.603381,944,944,944
-0.3273039,-10.302705,-10.302705,-0.3273039,-10.302705,-10.302705,945,945,945
-0.3273039,-12.733064,-12.733064,-0.3273039,-12.733064,-12.733064,946,946,946
-0.3273039,-8.37696,-8.37696,-0.3273039,-8.37696,-8.37696,947,947,947
-0.3273039,-7.341531,-7.341531,-0.3273039,-7.341531,-7.341531,948,948,948
-0.3273039,-15.62934,-15.62934,-0.3273039,-15.62934,-15.62934,949,949,949
-0.3273039,-13.372296,-13.372296,-0.3273039,-13.372296,-13.372296,950,950,950
-0.3273039,-9.257831,-9.257831,-0.3273039,-9.257831,-9.257831,951,951,951
-0.3273039,-13.698466,-13.698466,-0.3273039,-13.698466,-13.698466,952,952,952
-0.3273039,-11.924745,-11.924745,-0.3273039,-11.924745,-11.924745,953,953,953
-0.3273039,-11.578022,-11.578022,-0.3273039,-11.578022,-11.578022,954,954,954
-0.3273039,-11.126421,-11.126421,-0.3273039,-11.126421,-11.126421,955,955,955
-0.3273039,-10.242507,-10.242507,-0.3273039,-10.242507,-10.242507,956,956,956
-0.3273039,-12.90564,-12.90564,-0.3273039,-12.90564,-12.90564,957,957,957
-0.3273039,-11.405525,-11.405525,-0.3273039,-11.405525,-11.405525,958,958,958
-0.3273039,-9.704658,-9.704658,-0.3273039,-9.704658,-9.704658,959,959,959
-0.3273039,-12.394289,-12.394289,-0.3273039,-12.394289,-12.394289,960,960,960
-0.3273039,-6.5107827,-6.5107827,-0.3273039,-6.5107827,-6.5107827,961,961,961
-0.3273039,-7.7368965,-7.7368965,-0.3273039,-7.7368965,-7.7368965,962,962,962
-0.3273039,-6.4820843,-6.4820843,-0.3273039,-6.4820843,-6.4820843,963,963,963
-0.3273039,-5.440175,-5.440175,-0.3273039,-5.440175,-5.440175,964,964,964
-0.3273039,-8.684429,-8.684429,-0.3273039,-8.684429,-8.684429,965,965,965
-0.3273039,-18.838493,-18.838493,-0.3273039,-18.838493,-18.838493,966,966,966
-0.3273039,-30.07012,-30.07012,-0.3273039,-30.07012,-30.07012,967,967,967
-0.3273039,-12.450663,-12.450663,-0.3273039,-12.450663,-12.450663,968,968,968
-0.3273039,-21.567305,-21.567305,-0.3273039,-21.567305,-21.567305,969,969,969
-0.3273039,-4.8137703,-4.8137703,-0.3273039,-4.8137703,-4.8137703,970,970,970
-0.3273039,-12.935419,-12.935419,-0.3273039,-12.935419,-12.935419,971,971,971
-0.3273039,-6.391045,-6.391045,-0.3273039,-6.391045,-6.391045,972,972,972
-0.3273039,-2.95758,-2.95758,-0.3273039,-2.95758,-2.95758,973,973,973
-0.3273039,-8.515429,-8.515429,-0.3273039,-8.515429,-8.515429,974,974,974
-0.3273039,-15.932971,-15.932971,-0.3273039,-15.932971,-15.932971,975,975,975
-0.3273039,-9.018305,-9.018305,-0.3273039,-9.018305,-9.018305,976,976,976
-0.3273039,-16.023285,-16.023285,-0.3273039,-16.023285,-16.023285,977,977,977
-0.3273039,-17.320992,-17.320992,-0.3273039,-17.320992,-17.320992,978,978,978
-0.3273039,-1.9429688,-1.9429688,-0.3273039,-1.9429688,-1.9429688,979,979,979
-0.3273039,-19.11724,-19.11724,-0.3273039,-19.11724,-19.11724,980,980,980
-0.3273039,-5.2854757,-5.2854757,-0.3273039,-5.2854757,-5.2854757,981,981,981
-0.3273039,-16.685263,-16.685263,-0.3273039,-16.685263,-16.685263,982,982,982
-0.3273039,-9.024258,-9.024258,-0.3273039,-9.024258,-9.024258,983,983,983
-0.3273039,-9.577315,-9.577315,-0.3273039,-9.577315,-9.577315,984,984,984
-0.3273039,-5.2636933,-5.2636933,-0.3273039,-5.2636933,-5.2636933,985,985,985
-0.3273039,-7.464692,-7.464692,-0.3273039,-7.464692,-7.464692,986,986,986
-0.3273039,-11.097339,-11.097339,-0.3273039,-11.097339,-11.097339,987,987,987
-0.3273039,-14.003664,-14.003664,-0.3273039,-14.003664,-14.003664,988,988,988
-0.3273039,-2.61458,-2.61458,-0.3273039,-2.61458,-2.61458,989,989,989
-0.3273039,-9.854547,-9.854547,-0.3273039,-9.854547,-9.854547,990,990,990
-0.3273039,-11.368073,-11.368073,-0.3273039,-11.368073,-11.368073,991,991,991
-0.3273039,-13.234686,-13.234686,-0.3273039,-13.234686,-13.234686,992,992,992
-0.3273039,-8.356851,-8.356851,-0.3273039,-8.356851,-8.356851,993,993,993
-0.3273039,-9.032228,-9.032228,-0.3273039,-9.032228,-9.032228,994,994,994
-0.3273039,-27.421843,-27.421843,-0.3273039,-27.421843,-27.421843,995,995,995
-0.3273039,-6.897114,-6.897114,-0.3273039,-6.897114,-6.897114,996,996,996
-0.3273039,-18.530912,-18.530912,-0.3273039,-18.530912,-18.530912,997,997,997
-0.3273039,-7.14635,-7.14635,-0.3273039,-7.14635,-7.14635,998,998,998
-0.3273039,-5.2996945,-5.2996945,-0.3273039,-5.2996945,-5.2996945,999,999,999
-0.3273039,-7.101865,-7.101865,-0.3273039,-7.101865,-7.101865,1000,1000,1000
-0.3273039,-9.16663,-9.16663,-0.3273039,-9.16663,-9.16663,1001,1001,1001
-0.3273039,-9.536941,-9.536941,-0.3273039,-9.536941,-9.536941,1002,1002,1002
-0.3273039,-6.0498986,-6.0498986,-0.3273039,-6.0498986,-6.0498986,1003,1003,1003
-0.3273039,-24.469429,-24.469429,-0.3273039,-24.469429,-24.469429,1004,1004,1004
-0.3273039,-9.348642,-9.348642,-0.3273039,-9.348642,-9.348642,1005,1005,1005
-0.3273039,-8.375387,-8.375387,-0.3273039,-8.375387,-8.375387,1006,1006,1006
-0.3273039,-5.0955977,-5.0955977,-0.3273039,-5.0955977,-5.0955977,1007,1007,1007
-0.3273039,-14.053072,-14.053072,-0.3273039,-14.053072,-14.053072,1008,1008,1008
-0.3273039,-22.54699,-22.54699,-0.3273039,-22.54699,-22.54699,1009,1009,1009
-0.3273039,-6.415253,-6.415253,-0.3273039,-6.415253,-6.415253,1010,1010,1010
-0.3273039,-14.749299,-14.749299,-0.3273039,-14.749299,-14.749299,1011,1011,1011
-0.3273039,-13.423069,-13.423069,-0.3273039,-13.423069,-13.423069,1012,1012,1012
-0.3273039,-19.192225,-19.192225,-0.3273039,-19.192225,-19.192225,1013,1013,1013
-0.3273039,-2.1384628,-2.1384628,-0.3273039,-2.1384628,-2.1384628,1014,1014,1014
-0.3273039,-5.4982905,-5.4982905,-0.3273039,-5.4982905,-5.4982905,1015,1015,1015
-0.3273039,-4.718602,-4.718602,-0.3273039,-4.718602,-4.718602,1016,1016,1016
-0.3273039,-4.8627276,-4.8627276,-0.3273039,-4.8627276,-4.8627276,1017,1017,1017
-0.3273039,-5.7703543,-5.7703543,-0.3273039,-5.7703543,-5.7703543,1018,1018,1018
1.7168124,1.7168124,1.7168124,1.7168124,1.7168124,1.7168124,1019,1019,1019
1.7168124,-2.1384928,-2.1384928,1.7168124,-2.1384928,-2.1384928,1020,1020,1020
1.7168124,-24.197378,-24.197378,1.7168124,-24.197378,-24.197378,1021,1021,1021
1.7168124,-5.4775186,-5.4775186,1.7168124,-5.4775186,-5.4775186,1022,1022,1022
1.7168124,-5.953338,-5.953338,1.7168124,-5.953338,-5.953338,1023,1023,1023
1.7168124,-8.703319,-8.703319,1.7168124,-8.703319,-8.703319,1024,1024,1024
1.7168124,-3.488551,-3.488551,1.7168124,-3.488551,-3.488551,1025,1025,1025
1.7168124,-18.691833,-18.691833,1.7168124,-18.691833,-18.691833,1026,1026,1026
1.7168124,-5.31926,-5.31926,1.7168124,-5.31926,-5.31926,1027,1027,1027
1.7168124,-12.270403,-12.270403,1.7168124,-12.270403,-12.270403,1028,1028,1028
1.7168124,-18.944036,-18.944036,1.7168124,-18.944036,-18.944036,1029,1029,1029
1.7168124,-27.36361,-27.36361,1.7168124,-27.36361,-27.36361,1030,1030,1030
1.7168124,-8.412452,-8.412452,1.7168124,-8.412452,-8.412452,1031,1031,1031
1.7168124,-19.470764,-19.470764,1.7168124,-19.470764,-19.470764,1032,1032,1032
1.7168124,-1.08812,-1.08812,1.7168124,-1.08812,-1.08812,1033,1033,1033
1.7168124,-0.14337336,-0.14337336,1.7168124,-0.14337336,-0.14337336,1034,1034,1034
1.7168124,-25.762045,-25.762045,1.7168124,-25.762045,-25.762045,1035,1035,1035
1.7168124,-17.7282,-17.7282,1.7168124,-17.7282,-17.7282,1036,1036,1036
1.7168124,-6.693245,-6.693245,1.7168124,-6.693245,-6.693245,1037,1037,1037
1.7168124,-28.751755,-28.751755,1.7168124,-28.751755,-28.751755,1038,1038,1038
1.7168124,-13.5234585,-13.5234585,1.7168124,-13.5234585,-13.5234585,1039,1039,1039
1.7168124,-16.126434,-16.126434,1.7168124,-16.126434,-16.126434,1040,1040,1040
1.7168124,-15.279963,-15.279963,1.7168124,-15.279963,-15.279963,1041,1041,1041
1.7168124,-13.170471,-13.170471,1.7168124,-13.170471,-13.170471,1042,1042,1042
1.7168124,-22.325272,-22.325272,1.7168124,-22.325272,-22.325272,1043,1043,1043
1.7168124,-6.7001734,-6.7001734,1.7168124,-6.7001734,-6.7001734,1044,1044,1044
1.7168124,-17.46764,-17.46764,1.7168124,-17.46764,-17.46764,1045,1045,1045
1.7168124,-12.801482,-12.801482,1.7168124,-12.801482,-12.801482,1046,1046,1046
1.7168124,-20.706114,-20.706114,1.7168124,-20.706114,-20.706114,1047,1047,1047
1.7168124,-11.157192,-11.157192,1.7168124,-11.157192,-11.157192,1048,1048,1048
1.7168124,-11.184989,-11.184989,1.7168124,-11.184989,-11.184989,1049,1049,1049
1.7168124,-4.4178367,-4.4178367,1.7168124,-4.4178367,-4.4178367,1050,1050,1050
1.7168124,-7.040604,-7.040604,1.7168124,-7.040604,-7.040604,1051,1051,1051
1.7168124,-20.324337,-20.324337,1.7168124,-20.324337,-20.324337,1052,1052,1052
1.7168124,-21.703827,-21.703827,1.7168124,-21.703827,-21.703827,1053,1053,1053
1.7168124,-10.753491,-10.753491,1.7168124,-10.753491,-10.753491,1054,1054,1054
1.7168124,-7.44992,-7.44992,1.7168124,-7.44992,-7.44992,1055,1055,1055
1.7168124,-12.230761,-12.230761,1.7168124,-12.230761,-12.230761,1056,1056,1056
1.7168124,-11.871299,-11.871299,1.7168124,-11.871299,-11.871299,1057,1057,1057
1.7168124,-16.6455,-16.6455,1.7168124,-16.6455,-16.6455,1058,1058,1058
